[{"model": "contenttypes.contenttype", "pk": 1, "fields": {"app_label": "admin", "model": "logentry"}}, {"model": "contenttypes.contenttype", "pk": 2, "fields": {"app_label": "auth", "model": "permission"}}, {"model": "contenttypes.contenttype", "pk": 3, "fields": {"app_label": "auth", "model": "group"}}, {"model": "contenttypes.contenttype", "pk": 4, "fields": {"app_label": "auth", "model": "user"}}, {"model": "contenttypes.contenttype", "pk": 5, "fields": {"app_label": "contenttypes", "model": "contenttype"}}, {"model": "contenttypes.contenttype", "pk": 6, "fields": {"app_label": "sessions", "model": "session"}}, {"model": "contenttypes.contenttype", "pk": 7, "fields": {"app_label": "blog", "model": "blog"}}, {"model": "contenttypes.contenttype", "pk": 8, "fields": {"app_label": "blog", "model": "blogtype"}}, {"model": "contenttypes.contenttype", "pk": 9, "fields": {"app_label": "blog", "model": "readnum"}}, {"model": "contenttypes.contenttype", "pk": 10, "fields": {"app_label": "read_statistics", "model": "readnum"}}, {"model": "contenttypes.contenttype", "pk": 11, "fields": {"app_label": "read_statistics", "model": "readdetail"}}, {"model": "contenttypes.contenttype", "pk": 12, "fields": {"app_label": "comment", "model": "comment"}}, {"model": "contenttypes.contenttype", "pk": 13, "fields": {"app_label": "likes", "model": "likecount"}}, {"model": "contenttypes.contenttype", "pk": 14, "fields": {"app_label": "likes", "model": "likerecord"}}, {"model": "contenttypes.contenttype", "pk": 15, "fields": {"app_label": "user", "model": "profile"}}, {"model": "sessions.session", "pk": "0w2ze0w6mjtyacbi7dqw9xek5j9rf3x6", "fields": {"session_data": "ZjdjYzQzNzAxYmM0OTI3M2Q4NGNhZGE1ZDU4Yzc2M2EzNjJlZWM0YTp7Il9hdXRoX3VzZXJfaWQiOiIxIiwiX2F1dGhfdXNlcl9iYWNrZW5kIjoiZGphbmdvLmNvbnRyaWIuYXV0aC5iYWNrZW5kcy5Nb2RlbEJhY2tlbmQiLCJfYXV0aF91c2VyX2hhc2giOiJhZWFlMWNhNjJmMWY2YThhNWRhODM1MGYzYTQzMTgxNTRlYWU1ZDViIiwiYmluZF9lbWFpbF9jb2RlIjoidmVGUyIsInNlbmRfY29kZV90aW1lIjoxNTUxMzUyNzg4fQ==", "expire_date": "2019-03-14T11:19:49.671Z"}}, {"model": "sessions.session", "pk": "12ymi5dzdzq57x84yntb44qqroo2p1rn", "fields": {"session_data": "Yzc2ODM0YWEzZjkyYjdkZGI4ZmM5OWFiNjM3N2Y5MjU5MzQwYmVlMDp7Il9hdXRoX3VzZXJfaWQiOiIxIiwiX2F1dGhfdXNlcl9iYWNrZW5kIjoiZGphbmdvLmNvbnRyaWIuYXV0aC5iYWNrZW5kcy5Nb2RlbEJhY2tlbmQiLCJfYXV0aF91c2VyX2hhc2giOiJhZWFlMWNhNjJmMWY2YThhNWRhODM1MGYzYTQzMTgxNTRlYWU1ZDViIn0=", "expire_date": "2018-11-14T13:51:23.945Z"}}, {"model": "sessions.session", "pk": "1hrxnbggzve6tpmjkjdqfhhpb24jzoxm", "fields": {"session_data": "MzFiNzMwMjM4NmU2OTY2MTA3NTYyMjQzMzkyOWZiZTI2MzY2OWZiMDp7fQ==", "expire_date": "2018-11-26T15:34:49.879Z"}}, {"model": "sessions.session", "pk": "3rn928cagy31asieucubjsyxqfa56mup", "fields": {"session_data": "Yzc2ODM0YWEzZjkyYjdkZGI4ZmM5OWFiNjM3N2Y5MjU5MzQwYmVlMDp7Il9hdXRoX3VzZXJfaWQiOiIxIiwiX2F1dGhfdXNlcl9iYWNrZW5kIjoiZGphbmdvLmNvbnRyaWIuYXV0aC5iYWNrZW5kcy5Nb2RlbEJhY2tlbmQiLCJfYXV0aF91c2VyX2hhc2giOiJhZWFlMWNhNjJmMWY2YThhNWRhODM1MGYzYTQzMTgxNTRlYWU1ZDViIn0=", "expire_date": "2019-03-07T12:30:58.890Z"}}, {"model": "sessions.session", "pk": "57h68b2x0dse3uri4a009gezfnkm35vj", "fields": {"session_data": "MDMzMzEzODg0YTY3N2Q1ODc5ODhhMzNlNzAwMzdhMjA0ZDUxOGNhYzp7Il9hdXRoX3VzZXJfaWQiOiIxIiwiX2F1dGhfdXNlcl9iYWNrZW5kIjoiZGphbmdvLmNvbnRyaWIuYXV0aC5iYWNrZW5kcy5Nb2RlbEJhY2tlbmQiLCJfYXV0aF91c2VyX2hhc2giOiJjYjM4NjM0Mjk0MTExNzI1ZTdlMmU2OTMwMjVkODhkOTBhODgzZWY2In0=", "expire_date": "2019-03-15T08:58:06.569Z"}}, {"model": "sessions.session", "pk": "5jh5codxmmvb68h0p5139ndtu6dc4gg1", "fields": {"session_data": "Yzc2ODM0YWEzZjkyYjdkZGI4ZmM5OWFiNjM3N2Y5MjU5MzQwYmVlMDp7Il9hdXRoX3VzZXJfaWQiOiIxIiwiX2F1dGhfdXNlcl9iYWNrZW5kIjoiZGphbmdvLmNvbnRyaWIuYXV0aC5iYWNrZW5kcy5Nb2RlbEJhY2tlbmQiLCJfYXV0aF91c2VyX2hhc2giOiJhZWFlMWNhNjJmMWY2YThhNWRhODM1MGYzYTQzMTgxNTRlYWU1ZDViIn0=", "expire_date": "2019-03-11T14:40:46.352Z"}}, {"model": "sessions.session", "pk": "5kv17v5c0oo3muxx43wo1a67dqff6jlv", "fields": {"session_data": "Yzc2ODM0YWEzZjkyYjdkZGI4ZmM5OWFiNjM3N2Y5MjU5MzQwYmVlMDp7Il9hdXRoX3VzZXJfaWQiOiIxIiwiX2F1dGhfdXNlcl9iYWNrZW5kIjoiZGphbmdvLmNvbnRyaWIuYXV0aC5iYWNrZW5kcy5Nb2RlbEJhY2tlbmQiLCJfYXV0aF91c2VyX2hhc2giOiJhZWFlMWNhNjJmMWY2YThhNWRhODM1MGYzYTQzMTgxNTRlYWU1ZDViIn0=", "expire_date": "2019-03-08T08:52:25.502Z"}}, {"model": "sessions.session", "pk": "69r6da91bsovu0qfh6bap4spdofvxiuw", "fields": {"session_data": "Yzc2ODM0YWEzZjkyYjdkZGI4ZmM5OWFiNjM3N2Y5MjU5MzQwYmVlMDp7Il9hdXRoX3VzZXJfaWQiOiIxIiwiX2F1dGhfdXNlcl9iYWNrZW5kIjoiZGphbmdvLmNvbnRyaWIuYXV0aC5iYWNrZW5kcy5Nb2RlbEJhY2tlbmQiLCJfYXV0aF91c2VyX2hhc2giOiJhZWFlMWNhNjJmMWY2YThhNWRhODM1MGYzYTQzMTgxNTRlYWU1ZDViIn0=", "expire_date": "2018-12-22T14:21:26.596Z"}}, {"model": "sessions.session", "pk": "7kmemj6znek629l0iyl2xtegtdhcpwpo", "fields": {"session_data": "MDMzMzEzODg0YTY3N2Q1ODc5ODhhMzNlNzAwMzdhMjA0ZDUxOGNhYzp7Il9hdXRoX3VzZXJfaWQiOiIxIiwiX2F1dGhfdXNlcl9iYWNrZW5kIjoiZGphbmdvLmNvbnRyaWIuYXV0aC5iYWNrZW5kcy5Nb2RlbEJhY2tlbmQiLCJfYXV0aF91c2VyX2hhc2giOiJjYjM4NjM0Mjk0MTExNzI1ZTdlMmU2OTMwMjVkODhkOTBhODgzZWY2In0=", "expire_date": "2019-04-02T03:48:24.828Z"}}, {"model": "sessions.session", "pk": "afe1ph79w3lk83y01zmybyte3mzbmw93", "fields": {"session_data": "Yzc2ODM0YWEzZjkyYjdkZGI4ZmM5OWFiNjM3N2Y5MjU5MzQwYmVlMDp7Il9hdXRoX3VzZXJfaWQiOiIxIiwiX2F1dGhfdXNlcl9iYWNrZW5kIjoiZGphbmdvLmNvbnRyaWIuYXV0aC5iYWNrZW5kcy5Nb2RlbEJhY2tlbmQiLCJfYXV0aF91c2VyX2hhc2giOiJhZWFlMWNhNjJmMWY2YThhNWRhODM1MGYzYTQzMTgxNTRlYWU1ZDViIn0=", "expire_date": "2018-11-19T10:23:59.879Z"}}, {"model": "sessions.session", "pk": "akd3yzxu4pxcaxt0gguqcmdxxajkrzg2", "fields": {"session_data": "Yjk3NjlmYmNhN2Y3NjJlNTQ2YjgwMDFiYWU1ODNiN2U5MzRlZjc0Mjp7Il9hdXRoX3VzZXJfaWQiOiI0IiwiX2F1dGhfdXNlcl9iYWNrZW5kIjoiZGphbmdvLmNvbnRyaWIuYXV0aC5iYWNrZW5kcy5Nb2RlbEJhY2tlbmQiLCJfYXV0aF91c2VyX2hhc2giOiJhMzY4NWQwZTQwMTQ1ZGJlY2YyMDA0NmU3NDY5NmQ0YTZhZjNiZmY1In0=", "expire_date": "2019-03-13T15:09:41.779Z"}}, {"model": "sessions.session", "pk": "atm45dfkz6zdwukblokrvqyuwujqrvqh", "fields": {"session_data": "YjgwOTdiMDM3OTQ2YjUzYzNkMTYxYTNmMzlhNjE4OGFhODljMTJmYjp7ImZvcmdvdF9wYXN3b3JkX2NvZGUiOiJUaXIyIiwic2VuZF9jb2RlX3RpbWUiOjE1NTE0MzA0NTQsIl9hdXRoX3VzZXJfaWQiOiIxIiwiX2F1dGhfdXNlcl9iYWNrZW5kIjoiZGphbmdvLmNvbnRyaWIuYXV0aC5iYWNrZW5kcy5Nb2RlbEJhY2tlbmQiLCJfYXV0aF91c2VyX2hhc2giOiJjYjM4NjM0Mjk0MTExNzI1ZTdlMmU2OTMwMjVkODhkOTBhODgzZWY2In0=", "expire_date": "2019-03-15T08:54:39.161Z"}}, {"model": "sessions.session", "pk": "d4zbali7mbja1jncdjvy1x1rq21e2sjh", "fields": {"session_data": "Yzc2ODM0YWEzZjkyYjdkZGI4ZmM5OWFiNjM3N2Y5MjU5MzQwYmVlMDp7Il9hdXRoX3VzZXJfaWQiOiIxIiwiX2F1dGhfdXNlcl9iYWNrZW5kIjoiZGphbmdvLmNvbnRyaWIuYXV0aC5iYWNrZW5kcy5Nb2RlbEJhY2tlbmQiLCJfYXV0aF91c2VyX2hhc2giOiJhZWFlMWNhNjJmMWY2YThhNWRhODM1MGYzYTQzMTgxNTRlYWU1ZDViIn0=", "expire_date": "2018-11-16T07:04:10.387Z"}}, {"model": "sessions.session", "pk": "eqhyo07efw8on941e78ejhke72xk3eo6", "fields": {"session_data": "Yzc2ODM0YWEzZjkyYjdkZGI4ZmM5OWFiNjM3N2Y5MjU5MzQwYmVlMDp7Il9hdXRoX3VzZXJfaWQiOiIxIiwiX2F1dGhfdXNlcl9iYWNrZW5kIjoiZGphbmdvLmNvbnRyaWIuYXV0aC5iYWNrZW5kcy5Nb2RlbEJhY2tlbmQiLCJfYXV0aF91c2VyX2hhc2giOiJhZWFlMWNhNjJmMWY2YThhNWRhODM1MGYzYTQzMTgxNTRlYWU1ZDViIn0=", "expire_date": "2019-03-08T08:55:36.377Z"}}, {"model": "sessions.session", "pk": "gcxifl8hgu2sdp1kdkye5dggw020ae1c", "fields": {"session_data": "MzFiNzMwMjM4NmU2OTY2MTA3NTYyMjQzMzkyOWZiZTI2MzY2OWZiMDp7fQ==", "expire_date": "2018-11-26T15:31:03.254Z"}}, {"model": "sessions.session", "pk": "gtufzyx9x6iksriekdc9y5p2m1hu0qh1", "fields": {"session_data": "NGNkZjNjYTE2NmE3ZWIyZmNiODdiYzA0OWJmYWQ2ZmUwMmY0OTc1Nzp7Il9hdXRoX3VzZXJfaWQiOiIxIiwiX2F1dGhfdXNlcl9iYWNrZW5kIjoiZGphbmdvLmNvbnRyaWIuYXV0aC5iYWNrZW5kcy5Nb2RlbEJhY2tlbmQiLCJfYXV0aF91c2VyX2hhc2giOiJjYjM4NjM0Mjk0MTExNzI1ZTdlMmU2OTMwMjVkODhkOTBhODgzZWY2IiwiYmluZF9lbWFpbF9jb2RlIjoiNXpvMyIsInNlbmRfY29kZV90aW1lIjoxNTUxNzEwMjk3fQ==", "expire_date": "2019-03-18T14:38:18.349Z"}}, {"model": "sessions.session", "pk": "gyqbuzr5ectxwcehgy9dcpo3nz6v8veq", "fields": {"session_data": "Yzc2ODM0YWEzZjkyYjdkZGI4ZmM5OWFiNjM3N2Y5MjU5MzQwYmVlMDp7Il9hdXRoX3VzZXJfaWQiOiIxIiwiX2F1dGhfdXNlcl9iYWNrZW5kIjoiZGphbmdvLmNvbnRyaWIuYXV0aC5iYWNrZW5kcy5Nb2RlbEJhY2tlbmQiLCJfYXV0aF91c2VyX2hhc2giOiJhZWFlMWNhNjJmMWY2YThhNWRhODM1MGYzYTQzMTgxNTRlYWU1ZDViIn0=", "expire_date": "2018-11-26T07:48:28.812Z"}}, {"model": "sessions.session", "pk": "h03lw6ncicgnsf45s5x36eb1by33azim", "fields": {"session_data": "MzFiNzMwMjM4NmU2OTY2MTA3NTYyMjQzMzkyOWZiZTI2MzY2OWZiMDp7fQ==", "expire_date": "2018-11-26T15:33:20.069Z"}}, {"model": "sessions.session", "pk": "h08wsbzm2r612i927ccgbul6qoitsh41", "fields": {"session_data": "MzRkYjQyZmVhNGVmM2JkZGExYTAzMzI0NWY5YzM4YjU4NGIxOTM3Mjp7InNlbmRfY29kZV90aW1lIjoxNTUxNzk0MDE2LCJfYXV0aF91c2VyX2lkIjoiNSIsIl9hdXRoX3VzZXJfYmFja2VuZCI6ImRqYW5nby5jb250cmliLmF1dGguYmFja2VuZHMuTW9kZWxCYWNrZW5kIiwiX2F1dGhfdXNlcl9oYXNoIjoiOTkyZmQ1Y2Q2ZDgxNzkzMmUzMzkzYjk0MDE1ZTVmMzdjZTE2MjI1ZiJ9", "expire_date": "2019-03-19T13:54:10.970Z"}}, {"model": "sessions.session", "pk": "hbl1gyqpb0ij6ea3ogcuwnm8zxtmvkka", "fields": {"session_data": "ZmRiNmU3NTIzNjliYmU1Mjk1YWJmZTM2MDVjY2VhNDM2M2NhMTNkZTp7Il9hdXRoX3VzZXJfaWQiOiIxIiwiX2F1dGhfdXNlcl9iYWNrZW5kIjoiZGphbmdvLmNvbnRyaWIuYXV0aC5iYWNrZW5kcy5Nb2RlbEJhY2tlbmQiLCJfYXV0aF91c2VyX2hhc2giOiJjYjM4NjM0Mjk0MTExNzI1ZTdlMmU2OTMwMjVkODhkOTBhODgzZWY2Iiwic2VuZF9jb2RlX3RpbWUiOjE1NTI4ODQ3Mjh9", "expire_date": "2019-04-01T04:52:46.256Z"}}, {"model": "sessions.session", "pk": "hcy9x5b4va9agy7b3k3104yyrv95sf3l", "fields": {"session_data": "Yzc2ODM0YWEzZjkyYjdkZGI4ZmM5OWFiNjM3N2Y5MjU5MzQwYmVlMDp7Il9hdXRoX3VzZXJfaWQiOiIxIiwiX2F1dGhfdXNlcl9iYWNrZW5kIjoiZGphbmdvLmNvbnRyaWIuYXV0aC5iYWNrZW5kcy5Nb2RlbEJhY2tlbmQiLCJfYXV0aF91c2VyX2hhc2giOiJhZWFlMWNhNjJmMWY2YThhNWRhODM1MGYzYTQzMTgxNTRlYWU1ZDViIn0=", "expire_date": "2019-03-06T08:18:02.515Z"}}, {"model": "sessions.session", "pk": "iq1ewc2ngjp86c6cms37rgqoj6rsrpxz", "fields": {"session_data": "Yzc2ODM0YWEzZjkyYjdkZGI4ZmM5OWFiNjM3N2Y5MjU5MzQwYmVlMDp7Il9hdXRoX3VzZXJfaWQiOiIxIiwiX2F1dGhfdXNlcl9iYWNrZW5kIjoiZGphbmdvLmNvbnRyaWIuYXV0aC5iYWNrZW5kcy5Nb2RlbEJhY2tlbmQiLCJfYXV0aF91c2VyX2hhc2giOiJhZWFlMWNhNjJmMWY2YThhNWRhODM1MGYzYTQzMTgxNTRlYWU1ZDViIn0=", "expire_date": "2018-11-26T06:33:25.161Z"}}, {"model": "sessions.session", "pk": "jgpztc3ffy2rrw797e1669p2g3vnykt2", "fields": {"session_data": "Yzc2ODM0YWEzZjkyYjdkZGI4ZmM5OWFiNjM3N2Y5MjU5MzQwYmVlMDp7Il9hdXRoX3VzZXJfaWQiOiIxIiwiX2F1dGhfdXNlcl9iYWNrZW5kIjoiZGphbmdvLmNvbnRyaWIuYXV0aC5iYWNrZW5kcy5Nb2RlbEJhY2tlbmQiLCJfYXV0aF91c2VyX2hhc2giOiJhZWFlMWNhNjJmMWY2YThhNWRhODM1MGYzYTQzMTgxNTRlYWU1ZDViIn0=", "expire_date": "2018-11-25T15:44:44.325Z"}}, {"model": "sessions.session", "pk": "jqe5ienxd1o0fbkugj5xusuzhc3t1fv8", "fields": {"session_data": "Yzc2ODM0YWEzZjkyYjdkZGI4ZmM5OWFiNjM3N2Y5MjU5MzQwYmVlMDp7Il9hdXRoX3VzZXJfaWQiOiIxIiwiX2F1dGhfdXNlcl9iYWNrZW5kIjoiZGphbmdvLmNvbnRyaWIuYXV0aC5iYWNrZW5kcy5Nb2RlbEJhY2tlbmQiLCJfYXV0aF91c2VyX2hhc2giOiJhZWFlMWNhNjJmMWY2YThhNWRhODM1MGYzYTQzMTgxNTRlYWU1ZDViIn0=", "expire_date": "2018-11-27T08:27:55.552Z"}}, {"model": "sessions.session", "pk": "k1aga37hz03faw3ggsn75uvm6fe0ji2f", "fields": {"session_data": "Yzc2ODM0YWEzZjkyYjdkZGI4ZmM5OWFiNjM3N2Y5MjU5MzQwYmVlMDp7Il9hdXRoX3VzZXJfaWQiOiIxIiwiX2F1dGhfdXNlcl9iYWNrZW5kIjoiZGphbmdvLmNvbnRyaWIuYXV0aC5iYWNrZW5kcy5Nb2RlbEJhY2tlbmQiLCJfYXV0aF91c2VyX2hhc2giOiJhZWFlMWNhNjJmMWY2YThhNWRhODM1MGYzYTQzMTgxNTRlYWU1ZDViIn0=", "expire_date": "2019-03-07T12:29:53.656Z"}}, {"model": "sessions.session", "pk": "k32fr6hv23v9a1qka9ur1l97xyp1u8ni", "fields": {"session_data": "MzFiNzMwMjM4NmU2OTY2MTA3NTYyMjQzMzkyOWZiZTI2MzY2OWZiMDp7fQ==", "expire_date": "2018-11-27T08:21:13.251Z"}}, {"model": "sessions.session", "pk": "msxhjb70rfoc2begdxki5c1iu7ic5e85", "fields": {"session_data": "YTNmMDJlNDE0MDVlNGVkYjdkNGE0MjczODlmY2VmYzNkOGY4MzljMTp7Il9hdXRoX3VzZXJfaWQiOiIxIiwiX2F1dGhfdXNlcl9iYWNrZW5kIjoiZGphbmdvLmNvbnRyaWIuYXV0aC5iYWNrZW5kcy5Nb2RlbEJhY2tlbmQiLCJfYXV0aF91c2VyX2hhc2giOiJjYjM4NjM0Mjk0MTExNzI1ZTdlMmU2OTMwMjVkODhkOTBhODgzZWY2IiwiYmluZF9lbWFpbF9jb2RlIjoiMjc1NCIsInNlbmRfY29kZV90aW1lIjoxNTUxNTQzMDQyfQ==", "expire_date": "2019-03-16T16:10:44.116Z"}}, {"model": "sessions.session", "pk": "mt55vo9u2tljs53n2kygwng1d4buyqfq", "fields": {"session_data": "Yzc2ODM0YWEzZjkyYjdkZGI4ZmM5OWFiNjM3N2Y5MjU5MzQwYmVlMDp7Il9hdXRoX3VzZXJfaWQiOiIxIiwiX2F1dGhfdXNlcl9iYWNrZW5kIjoiZGphbmdvLmNvbnRyaWIuYXV0aC5iYWNrZW5kcy5Nb2RlbEJhY2tlbmQiLCJfYXV0aF91c2VyX2hhc2giOiJhZWFlMWNhNjJmMWY2YThhNWRhODM1MGYzYTQzMTgxNTRlYWU1ZDViIn0=", "expire_date": "2018-11-05T15:41:09.942Z"}}, {"model": "sessions.session", "pk": "n35kyz83wc1i8s7296t6c0eooftd2zlm", "fields": {"session_data": "NDBiMjUzYzU0NjRmODQ2ZjU4MDQ2NTU1ZGRkN2ZhZWZhYWIxOWEyYjp7ImZvcmdvdF9wYXNzd29yZF9jb2RlIjoidmp5MiIsInNlbmRfY29kZV90aW1lIjoxNTUxNTE1MTYwfQ==", "expire_date": "2019-03-16T08:26:14.196Z"}}, {"model": "sessions.session", "pk": "n7t7ynn9o0402ynswagfs1einndpmiwu", "fields": {"session_data": "MzFiNzMwMjM4NmU2OTY2MTA3NTYyMjQzMzkyOWZiZTI2MzY2OWZiMDp7fQ==", "expire_date": "2018-11-27T08:20:54.906Z"}}, {"model": "sessions.session", "pk": "nud941s8yb5nct46upw7gnc0y9f7ny4a", "fields": {"session_data": "Yzc2ODM0YWEzZjkyYjdkZGI4ZmM5OWFiNjM3N2Y5MjU5MzQwYmVlMDp7Il9hdXRoX3VzZXJfaWQiOiIxIiwiX2F1dGhfdXNlcl9iYWNrZW5kIjoiZGphbmdvLmNvbnRyaWIuYXV0aC5iYWNrZW5kcy5Nb2RlbEJhY2tlbmQiLCJfYXV0aF91c2VyX2hhc2giOiJhZWFlMWNhNjJmMWY2YThhNWRhODM1MGYzYTQzMTgxNTRlYWU1ZDViIn0=", "expire_date": "2019-03-04T07:45:35.223Z"}}, {"model": "sessions.session", "pk": "oc8c98j92su66bp45yihgc1pehdh9l1m", "fields": {"session_data": "Njg5OTQ3YmE4OTQ3MjA1MmQ2ZjRiYzJiYjk3MmYyZjBlNmI3NTdhYTp7Il9hdXRoX3VzZXJfaWQiOiIxIiwiX2F1dGhfdXNlcl9iYWNrZW5kIjoiZGphbmdvLmNvbnRyaWIuYXV0aC5iYWNrZW5kcy5Nb2RlbEJhY2tlbmQiLCJfYXV0aF91c2VyX2hhc2giOiJhZWFlMWNhNjJmMWY2YThhNWRhODM1MGYzYTQzMTgxNTRlYWU1ZDViIiwiYmluZF9lbWFpbF9jb2RlIjoickc3eCIsInNlbmRfY29kZV90aW1lIjoxNTUxMzUyODQ4fQ==", "expire_date": "2019-03-14T11:20:49.868Z"}}, {"model": "sessions.session", "pk": "psms4n1ohmeeukn1us9ri76s4l70lima", "fields": {"session_data": "Yzc2ODM0YWEzZjkyYjdkZGI4ZmM5OWFiNjM3N2Y5MjU5MzQwYmVlMDp7Il9hdXRoX3VzZXJfaWQiOiIxIiwiX2F1dGhfdXNlcl9iYWNrZW5kIjoiZGphbmdvLmNvbnRyaWIuYXV0aC5iYWNrZW5kcy5Nb2RlbEJhY2tlbmQiLCJfYXV0aF91c2VyX2hhc2giOiJhZWFlMWNhNjJmMWY2YThhNWRhODM1MGYzYTQzMTgxNTRlYWU1ZDViIn0=", "expire_date": "2018-11-20T14:38:01.425Z"}}, {"model": "sessions.session", "pk": "rdani5i8gqd21j8kgsy3k4jykpopch07", "fields": {"session_data": "Yzc2ODM0YWEzZjkyYjdkZGI4ZmM5OWFiNjM3N2Y5MjU5MzQwYmVlMDp7Il9hdXRoX3VzZXJfaWQiOiIxIiwiX2F1dGhfdXNlcl9iYWNrZW5kIjoiZGphbmdvLmNvbnRyaWIuYXV0aC5iYWNrZW5kcy5Nb2RlbEJhY2tlbmQiLCJfYXV0aF91c2VyX2hhc2giOiJhZWFlMWNhNjJmMWY2YThhNWRhODM1MGYzYTQzMTgxNTRlYWU1ZDViIn0=", "expire_date": "2019-03-07T14:01:48.676Z"}}, {"model": "sessions.session", "pk": "s2ls2s06hxpey6k3bjdpq9566lhzmfdz", "fields": {"session_data": "Yzc2ODM0YWEzZjkyYjdkZGI4ZmM5OWFiNjM3N2Y5MjU5MzQwYmVlMDp7Il9hdXRoX3VzZXJfaWQiOiIxIiwiX2F1dGhfdXNlcl9iYWNrZW5kIjoiZGphbmdvLmNvbnRyaWIuYXV0aC5iYWNrZW5kcy5Nb2RlbEJhY2tlbmQiLCJfYXV0aF91c2VyX2hhc2giOiJhZWFlMWNhNjJmMWY2YThhNWRhODM1MGYzYTQzMTgxNTRlYWU1ZDViIn0=", "expire_date": "2019-03-12T13:16:28.784Z"}}, {"model": "sessions.session", "pk": "tj9tdgtxuboisknb7ly6iwprcpnvg8kp", "fields": {"session_data": "Yzc2ODM0YWEzZjkyYjdkZGI4ZmM5OWFiNjM3N2Y5MjU5MzQwYmVlMDp7Il9hdXRoX3VzZXJfaWQiOiIxIiwiX2F1dGhfdXNlcl9iYWNrZW5kIjoiZGphbmdvLmNvbnRyaWIuYXV0aC5iYWNrZW5kcy5Nb2RlbEJhY2tlbmQiLCJfYXV0aF91c2VyX2hhc2giOiJhZWFlMWNhNjJmMWY2YThhNWRhODM1MGYzYTQzMTgxNTRlYWU1ZDViIn0=", "expire_date": "2018-11-27T14:22:16.087Z"}}, {"model": "sessions.session", "pk": "trtw3zmpom8ts0bm1isdmtxw1gex5me8", "fields": {"session_data": "Yzc2ODM0YWEzZjkyYjdkZGI4ZmM5OWFiNjM3N2Y5MjU5MzQwYmVlMDp7Il9hdXRoX3VzZXJfaWQiOiIxIiwiX2F1dGhfdXNlcl9iYWNrZW5kIjoiZGphbmdvLmNvbnRyaWIuYXV0aC5iYWNrZW5kcy5Nb2RlbEJhY2tlbmQiLCJfYXV0aF91c2VyX2hhc2giOiJhZWFlMWNhNjJmMWY2YThhNWRhODM1MGYzYTQzMTgxNTRlYWU1ZDViIn0=", "expire_date": "2018-11-15T08:12:05.375Z"}}, {"model": "sessions.session", "pk": "ver0oeorzkbk1uhy3yyk0t0xwsxris9z", "fields": {"session_data": "Yzc2ODM0YWEzZjkyYjdkZGI4ZmM5OWFiNjM3N2Y5MjU5MzQwYmVlMDp7Il9hdXRoX3VzZXJfaWQiOiIxIiwiX2F1dGhfdXNlcl9iYWNrZW5kIjoiZGphbmdvLmNvbnRyaWIuYXV0aC5iYWNrZW5kcy5Nb2RlbEJhY2tlbmQiLCJfYXV0aF91c2VyX2hhc2giOiJhZWFlMWNhNjJmMWY2YThhNWRhODM1MGYzYTQzMTgxNTRlYWU1ZDViIn0=", "expire_date": "2019-03-06T07:03:09.685Z"}}, {"model": "sessions.session", "pk": "vr9m0o3tqd6e1bdjizz3e908vdpv19b4", "fields": {"session_data": "N2E3NTIwNDA2OGIzNmE0ZmQ5N2I0OTIwODgzNjZkZGE0OGExNDM3Zjp7Il9hdXRoX3VzZXJfaWQiOiIxIiwiX2F1dGhfdXNlcl9iYWNrZW5kIjoiZGphbmdvLmNvbnRyaWIuYXV0aC5iYWNrZW5kcy5Nb2RlbEJhY2tlbmQiLCJfYXV0aF91c2VyX2hhc2giOiJjYjM4NjM0Mjk0MTExNzI1ZTdlMmU2OTMwMjVkODhkOTBhODgzZWY2IiwiYmluZF9lbWFpbF9jb2RlIjoid2RKUSIsInNlbmRfY29kZV90aW1lIjoxNTUxNzEwNjcxfQ==", "expire_date": "2019-03-18T14:44:31.947Z"}}, {"model": "sessions.session", "pk": "w4pkthr2cp5lsgu6nk840w91ly3g91wc", "fields": {"session_data": "Yzc2ODM0YWEzZjkyYjdkZGI4ZmM5OWFiNjM3N2Y5MjU5MzQwYmVlMDp7Il9hdXRoX3VzZXJfaWQiOiIxIiwiX2F1dGhfdXNlcl9iYWNrZW5kIjoiZGphbmdvLmNvbnRyaWIuYXV0aC5iYWNrZW5kcy5Nb2RlbEJhY2tlbmQiLCJfYXV0aF91c2VyX2hhc2giOiJhZWFlMWNhNjJmMWY2YThhNWRhODM1MGYzYTQzMTgxNTRlYWU1ZDViIn0=", "expire_date": "2019-03-07T15:28:43.977Z"}}, {"model": "sessions.session", "pk": "xahbtfz0llsedfop0uufsjfqzsijatg0", "fields": {"session_data": "Yzc2ODM0YWEzZjkyYjdkZGI4ZmM5OWFiNjM3N2Y5MjU5MzQwYmVlMDp7Il9hdXRoX3VzZXJfaWQiOiIxIiwiX2F1dGhfdXNlcl9iYWNrZW5kIjoiZGphbmdvLmNvbnRyaWIuYXV0aC5iYWNrZW5kcy5Nb2RlbEJhY2tlbmQiLCJfYXV0aF91c2VyX2hhc2giOiJhZWFlMWNhNjJmMWY2YThhNWRhODM1MGYzYTQzMTgxNTRlYWU1ZDViIn0=", "expire_date": "2019-03-08T07:37:45.708Z"}}, {"model": "sessions.session", "pk": "xyz8bk8difj8qwk37b1yyain1vasb6c8", "fields": {"session_data": "Yzc2ODM0YWEzZjkyYjdkZGI4ZmM5OWFiNjM3N2Y5MjU5MzQwYmVlMDp7Il9hdXRoX3VzZXJfaWQiOiIxIiwiX2F1dGhfdXNlcl9iYWNrZW5kIjoiZGphbmdvLmNvbnRyaWIuYXV0aC5iYWNrZW5kcy5Nb2RlbEJhY2tlbmQiLCJfYXV0aF91c2VyX2hhc2giOiJhZWFlMWNhNjJmMWY2YThhNWRhODM1MGYzYTQzMTgxNTRlYWU1ZDViIn0=", "expire_date": "2018-11-14T14:25:50.918Z"}}, {"model": "sessions.session", "pk": "ywcpfng21yw9yrzcdqjx17bgmvx0ouid", "fields": {"session_data": "Yzc2ODM0YWEzZjkyYjdkZGI4ZmM5OWFiNjM3N2Y5MjU5MzQwYmVlMDp7Il9hdXRoX3VzZXJfaWQiOiIxIiwiX2F1dGhfdXNlcl9iYWNrZW5kIjoiZGphbmdvLmNvbnRyaWIuYXV0aC5iYWNrZW5kcy5Nb2RlbEJhY2tlbmQiLCJfYXV0aF91c2VyX2hhc2giOiJhZWFlMWNhNjJmMWY2YThhNWRhODM1MGYzYTQzMTgxNTRlYWU1ZDViIn0=", "expire_date": "2018-11-15T08:50:50.930Z"}}, {"model": "sessions.session", "pk": "ztcogxukxrhkbr0a7xbinc33ek3wcw2q", "fields": {"session_data": "Yzc2ODM0YWEzZjkyYjdkZGI4ZmM5OWFiNjM3N2Y5MjU5MzQwYmVlMDp7Il9hdXRoX3VzZXJfaWQiOiIxIiwiX2F1dGhfdXNlcl9iYWNrZW5kIjoiZGphbmdvLmNvbnRyaWIuYXV0aC5iYWNrZW5kcy5Nb2RlbEJhY2tlbmQiLCJfYXV0aF91c2VyX2hhc2giOiJhZWFlMWNhNjJmMWY2YThhNWRhODM1MGYzYTQzMTgxNTRlYWU1ZDViIn0=", "expire_date": "2018-12-22T06:56:58.345Z"}}, {"model": "blog.blogtype", "pk": 1, "fields": {"type_name": "\u968f\u7b14"}}, {"model": "blog.blogtype", "pk": 2, "fields": {"type_name": "django"}}, {"model": "blog.blogtype", "pk": 3, "fields": {"type_name": "\u611f\u609f"}}, {"model": "read_statistics.readnum", "pk": 1, "fields": {"read_num": 21, "content_type": 7, "object_id": 27}}, {"model": "read_statistics.readnum", "pk": 2, "fields": {"read_num": 12, "content_type": 7, "object_id": 28}}, {"model": "read_statistics.readnum", "pk": 3, "fields": {"read_num": 6, "content_type": 7, "object_id": 24}}, {"model": "read_statistics.readnum", "pk": 4, "fields": {"read_num": 11, "content_type": 7, "object_id": 23}}, {"model": "read_statistics.readnum", "pk": 5, "fields": {"read_num": 1, "content_type": 7, "object_id": 11}}, {"model": "read_statistics.readnum", "pk": 6, "fields": {"read_num": 16, "content_type": 7, "object_id": 26}}, {"model": "read_statistics.readnum", "pk": 7, "fields": {"read_num": 2, "content_type": 7, "object_id": 22}}, {"model": "read_statistics.readnum", "pk": 8, "fields": {"read_num": 7, "content_type": 7, "object_id": 21}}, {"model": "read_statistics.readnum", "pk": 9, "fields": {"read_num": 28, "content_type": 7, "object_id": 29}}, {"model": "read_statistics.readnum", "pk": 10, "fields": {"read_num": 4, "content_type": 7, "object_id": 25}}, {"model": "read_statistics.readnum", "pk": 11, "fields": {"read_num": 2, "content_type": 7, "object_id": 20}}, {"model": "read_statistics.readnum", "pk": 12, "fields": {"read_num": 2, "content_type": 7, "object_id": 19}}, {"model": "read_statistics.readnum", "pk": 13, "fields": {"read_num": 1, "content_type": 7, "object_id": 16}}, {"model": "read_statistics.readnum", "pk": 14, "fields": {"read_num": 1, "content_type": 7, "object_id": 14}}, {"model": "read_statistics.readnum", "pk": 15, "fields": {"read_num": 1, "content_type": 7, "object_id": 6}}, {"model": "read_statistics.readnum", "pk": 16, "fields": {"read_num": 1, "content_type": 7, "object_id": 18}}, {"model": "read_statistics.readnum", "pk": 17, "fields": {"read_num": 1, "content_type": 7, "object_id": 15}}, {"model": "read_statistics.readnum", "pk": 18, "fields": {"read_num": 4, "content_type": 7, "object_id": 30}}, {"model": "read_statistics.readdetail", "pk": 1, "fields": {"date": "2018-11-05", "read_num": 5, "content_type": 7, "object_id": 27}}, {"model": "read_statistics.readdetail", "pk": 2, "fields": {"date": "2018-11-05", "read_num": 5, "content_type": 7, "object_id": 26}}, {"model": "read_statistics.readdetail", "pk": 3, "fields": {"date": "2018-11-05", "read_num": 1, "content_type": 7, "object_id": 22}}, {"model": "read_statistics.readdetail", "pk": 4, "fields": {"date": "2018-11-05", "read_num": 1, "content_type": 7, "object_id": 28}}, {"model": "read_statistics.readdetail", "pk": 5, "fields": {"date": "2018-11-05", "read_num": 1, "content_type": 7, "object_id": 21}}, {"model": "read_statistics.readdetail", "pk": 6, "fields": {"date": "2018-11-05", "read_num": 1, "content_type": 7, "object_id": 29}}, {"model": "read_statistics.readdetail", "pk": 7, "fields": {"date": "2018-11-06", "read_num": 1, "content_type": 7, "object_id": 29}}, {"model": "read_statistics.readdetail", "pk": 8, "fields": {"date": "2018-11-06", "read_num": 1, "content_type": 7, "object_id": 28}}, {"model": "read_statistics.readdetail", "pk": 9, "fields": {"date": "2018-11-06", "read_num": 1, "content_type": 7, "object_id": 27}}, {"model": "read_statistics.readdetail", "pk": 10, "fields": {"date": "2018-11-06", "read_num": 1, "content_type": 7, "object_id": 25}}, {"model": "read_statistics.readdetail", "pk": 11, "fields": {"date": "2018-11-06", "read_num": 1, "content_type": 7, "object_id": 24}}, {"model": "read_statistics.readdetail", "pk": 12, "fields": {"date": "2018-11-06", "read_num": 1, "content_type": 7, "object_id": 23}}, {"model": "read_statistics.readdetail", "pk": 13, "fields": {"date": "2018-11-06", "read_num": 1, "content_type": 7, "object_id": 21}}, {"model": "read_statistics.readdetail", "pk": 14, "fields": {"date": "2018-11-06", "read_num": 1, "content_type": 7, "object_id": 20}}, {"model": "read_statistics.readdetail", "pk": 15, "fields": {"date": "2018-11-06", "read_num": 1, "content_type": 7, "object_id": 19}}, {"model": "read_statistics.readdetail", "pk": 16, "fields": {"date": "2018-11-06", "read_num": 1, "content_type": 7, "object_id": 16}}, {"model": "read_statistics.readdetail", "pk": 17, "fields": {"date": "2018-11-11", "read_num": 2, "content_type": 7, "object_id": 29}}, {"model": "read_statistics.readdetail", "pk": 18, "fields": {"date": "2018-11-11", "read_num": 1, "content_type": 7, "object_id": 27}}, {"model": "read_statistics.readdetail", "pk": 19, "fields": {"date": "2018-11-11", "read_num": 1, "content_type": 7, "object_id": 23}}, {"model": "read_statistics.readdetail", "pk": 20, "fields": {"date": "2018-11-11", "read_num": 1, "content_type": 7, "object_id": 14}}, {"model": "read_statistics.readdetail", "pk": 21, "fields": {"date": "2018-11-11", "read_num": 1, "content_type": 7, "object_id": 6}}, {"model": "read_statistics.readdetail", "pk": 22, "fields": {"date": "2018-11-12", "read_num": 3, "content_type": 7, "object_id": 27}}, {"model": "read_statistics.readdetail", "pk": 23, "fields": {"date": "2018-11-12", "read_num": 3, "content_type": 7, "object_id": 29}}, {"model": "read_statistics.readdetail", "pk": 24, "fields": {"date": "2018-11-12", "read_num": 1, "content_type": 7, "object_id": 26}}, {"model": "read_statistics.readdetail", "pk": 25, "fields": {"date": "2018-11-12", "read_num": 1, "content_type": 7, "object_id": 28}}, {"model": "read_statistics.readdetail", "pk": 26, "fields": {"date": "2018-11-13", "read_num": 2, "content_type": 7, "object_id": 29}}, {"model": "read_statistics.readdetail", "pk": 27, "fields": {"date": "2018-11-13", "read_num": 1, "content_type": 7, "object_id": 27}}, {"model": "read_statistics.readdetail", "pk": 28, "fields": {"date": "2018-11-13", "read_num": 1, "content_type": 7, "object_id": 28}}, {"model": "read_statistics.readdetail", "pk": 29, "fields": {"date": "2018-11-13", "read_num": 1, "content_type": 7, "object_id": 24}}, {"model": "read_statistics.readdetail", "pk": 30, "fields": {"date": "2018-11-13", "read_num": 1, "content_type": 7, "object_id": 23}}, {"model": "read_statistics.readdetail", "pk": 31, "fields": {"date": "2018-12-08", "read_num": 2, "content_type": 7, "object_id": 29}}, {"model": "read_statistics.readdetail", "pk": 32, "fields": {"date": "2019-02-18", "read_num": 1, "content_type": 7, "object_id": 29}}, {"model": "read_statistics.readdetail", "pk": 33, "fields": {"date": "2019-02-20", "read_num": 2, "content_type": 7, "object_id": 28}}, {"model": "read_statistics.readdetail", "pk": 34, "fields": {"date": "2019-02-20", "read_num": 2, "content_type": 7, "object_id": 29}}, {"model": "read_statistics.readdetail", "pk": 35, "fields": {"date": "2019-02-20", "read_num": 3, "content_type": 7, "object_id": 27}}, {"model": "read_statistics.readdetail", "pk": 36, "fields": {"date": "2019-02-20", "read_num": 1, "content_type": 7, "object_id": 24}}, {"model": "read_statistics.readdetail", "pk": 37, "fields": {"date": "2019-02-20", "read_num": 7, "content_type": 7, "object_id": 26}}, {"model": "read_statistics.readdetail", "pk": 38, "fields": {"date": "2019-02-21", "read_num": 3, "content_type": 7, "object_id": 27}}, {"model": "read_statistics.readdetail", "pk": 39, "fields": {"date": "2019-02-21", "read_num": 3, "content_type": 7, "object_id": 29}}, {"model": "read_statistics.readdetail", "pk": 40, "fields": {"date": "2019-02-21", "read_num": 3, "content_type": 7, "object_id": 28}}, {"model": "read_statistics.readdetail", "pk": 41, "fields": {"date": "2019-02-22", "read_num": 6, "content_type": 7, "object_id": 29}}, {"model": "read_statistics.readdetail", "pk": 42, "fields": {"date": "2019-02-22", "read_num": 1, "content_type": 7, "object_id": 28}}, {"model": "read_statistics.readdetail", "pk": 43, "fields": {"date": "2019-02-22", "read_num": 2, "content_type": 7, "object_id": 25}}, {"model": "read_statistics.readdetail", "pk": 44, "fields": {"date": "2019-02-22", "read_num": 1, "content_type": 7, "object_id": 26}}, {"model": "read_statistics.readdetail", "pk": 45, "fields": {"date": "2019-02-24", "read_num": 1, "content_type": 7, "object_id": 29}}, {"model": "read_statistics.readdetail", "pk": 46, "fields": {"date": "2019-02-24", "read_num": 1, "content_type": 7, "object_id": 24}}, {"model": "read_statistics.readdetail", "pk": 47, "fields": {"date": "2019-02-24", "read_num": 1, "content_type": 7, "object_id": 18}}, {"model": "read_statistics.readdetail", "pk": 48, "fields": {"date": "2019-02-25", "read_num": 5, "content_type": 7, "object_id": 23}}, {"model": "read_statistics.readdetail", "pk": 49, "fields": {"date": "2019-02-25", "read_num": 2, "content_type": 7, "object_id": 29}}, {"model": "read_statistics.readdetail", "pk": 50, "fields": {"date": "2019-02-25", "read_num": 1, "content_type": 7, "object_id": 26}}, {"model": "read_statistics.readdetail", "pk": 51, "fields": {"date": "2019-02-25", "read_num": 1, "content_type": 7, "object_id": 25}}, {"model": "read_statistics.readdetail", "pk": 52, "fields": {"date": "2019-02-26", "read_num": 3, "content_type": 7, "object_id": 27}}, {"model": "read_statistics.readdetail", "pk": 53, "fields": {"date": "2019-02-28", "read_num": 1, "content_type": 7, "object_id": 29}}, {"model": "read_statistics.readdetail", "pk": 54, "fields": {"date": "2019-02-28", "read_num": 1, "content_type": 7, "object_id": 23}}, {"model": "read_statistics.readdetail", "pk": 55, "fields": {"date": "2019-03-02", "read_num": 1, "content_type": 7, "object_id": 27}}, {"model": "read_statistics.readdetail", "pk": 56, "fields": {"date": "2019-03-02", "read_num": 1, "content_type": 7, "object_id": 24}}, {"model": "read_statistics.readdetail", "pk": 57, "fields": {"date": "2019-03-02", "read_num": 1, "content_type": 7, "object_id": 23}}, {"model": "read_statistics.readdetail", "pk": 58, "fields": {"date": "2019-03-02", "read_num": 1, "content_type": 7, "object_id": 22}}, {"model": "read_statistics.readdetail", "pk": 59, "fields": {"date": "2019-03-02", "read_num": 2, "content_type": 7, "object_id": 21}}, {"model": "read_statistics.readdetail", "pk": 60, "fields": {"date": "2019-03-02", "read_num": 1, "content_type": 7, "object_id": 20}}, {"model": "read_statistics.readdetail", "pk": 61, "fields": {"date": "2019-03-02", "read_num": 1, "content_type": 7, "object_id": 19}}, {"model": "read_statistics.readdetail", "pk": 62, "fields": {"date": "2019-03-18", "read_num": 1, "content_type": 7, "object_id": 29}}, {"model": "read_statistics.readdetail", "pk": 63, "fields": {"date": "2019-03-18", "read_num": 1, "content_type": 7, "object_id": 26}}, {"model": "read_statistics.readdetail", "pk": 64, "fields": {"date": "2019-03-18", "read_num": 1, "content_type": 7, "object_id": 15}}, {"model": "read_statistics.readdetail", "pk": 65, "fields": {"date": "2019-03-18", "read_num": 2, "content_type": 7, "object_id": 30}}, {"model": "read_statistics.readdetail", "pk": 66, "fields": {"date": "2019-03-19", "read_num": 2, "content_type": 7, "object_id": 30}}, {"model": "likes.likecount", "pk": 1, "fields": {"content_type": 7, "object_id": 28, "liked_num": 8}}, {"model": "likes.likecount", "pk": 2, "fields": {"content_type": 7, "object_id": 29, "liked_num": 5}}, {"model": "likes.likecount", "pk": 3, "fields": {"content_type": 7, "object_id": 27, "liked_num": 0}}, {"model": "likes.likecount", "pk": 4, "fields": {"content_type": 7, "object_id": 26, "liked_num": 0}}, {"model": "likes.likecount", "pk": 5, "fields": {"content_type": 7, "object_id": 25, "liked_num": 0}}, {"model": "likes.likecount", "pk": 6, "fields": {"content_type": 7, "object_id": 24, "liked_num": 0}}, {"model": "likes.likecount", "pk": 7, "fields": {"content_type": 7, "object_id": 23, "liked_num": 0}}, {"model": "likes.likecount", "pk": 8, "fields": {"content_type": 12, "object_id": 13, "liked_num": 0}}, {"model": "likes.likecount", "pk": 9, "fields": {"content_type": 12, "object_id": 17, "liked_num": 0}}, {"model": "likes.likecount", "pk": 10, "fields": {"content_type": 12, "object_id": 18, "liked_num": 0}}, {"model": "likes.likecount", "pk": 11, "fields": {"content_type": 12, "object_id": 19, "liked_num": 0}}, {"model": "likes.likecount", "pk": 12, "fields": {"content_type": 12, "object_id": 20, "liked_num": 0}}, {"model": "likes.likecount", "pk": 13, "fields": {"content_type": 12, "object_id": 35, "liked_num": 0}}, {"model": "likes.likecount", "pk": 14, "fields": {"content_type": 12, "object_id": 12, "liked_num": 0}}, {"model": "likes.likecount", "pk": 15, "fields": {"content_type": 12, "object_id": 21, "liked_num": 0}}, {"model": "likes.likecount", "pk": 16, "fields": {"content_type": 12, "object_id": 11, "liked_num": 0}}, {"model": "likes.likecount", "pk": 17, "fields": {"content_type": 12, "object_id": 10, "liked_num": 0}}, {"model": "likes.likecount", "pk": 18, "fields": {"content_type": 12, "object_id": 38, "liked_num": 0}}, {"model": "likes.likecount", "pk": 19, "fields": {"content_type": 12, "object_id": 9, "liked_num": 0}}, {"model": "likes.likecount", "pk": 20, "fields": {"content_type": 12, "object_id": 8, "liked_num": 0}}, {"model": "likes.likecount", "pk": 21, "fields": {"content_type": 12, "object_id": 7, "liked_num": 0}}, {"model": "likes.likecount", "pk": 22, "fields": {"content_type": 12, "object_id": 22, "liked_num": 0}}, {"model": "likes.likecount", "pk": 23, "fields": {"content_type": 12, "object_id": 6, "liked_num": 0}}, {"model": "likes.likecount", "pk": 24, "fields": {"content_type": 12, "object_id": 4, "liked_num": 0}}, {"model": "likes.likecount", "pk": 25, "fields": {"content_type": 12, "object_id": 16, "liked_num": 0}}, {"model": "likes.likecount", "pk": 26, "fields": {"content_type": 12, "object_id": 3, "liked_num": 0}}, {"model": "likes.likecount", "pk": 27, "fields": {"content_type": 12, "object_id": 2, "liked_num": 0}}, {"model": "likes.likecount", "pk": 28, "fields": {"content_type": 12, "object_id": 42, "liked_num": 0}}, {"model": "likes.likecount", "pk": 29, "fields": {"content_type": 12, "object_id": 41, "liked_num": 0}}, {"model": "likes.likecount", "pk": 30, "fields": {"content_type": 12, "object_id": 23, "liked_num": 0}}, {"model": "likes.likecount", "pk": 31, "fields": {"content_type": 12, "object_id": 24, "liked_num": 0}}, {"model": "likes.likecount", "pk": 32, "fields": {"content_type": 12, "object_id": 39, "liked_num": 0}}, {"model": "likes.likecount", "pk": 33, "fields": {"content_type": 12, "object_id": 40, "liked_num": 0}}, {"model": "likes.likecount", "pk": 34, "fields": {"content_type": 12, "object_id": 43, "liked_num": 1}}, {"model": "likes.likecount", "pk": 35, "fields": {"content_type": 12, "object_id": 44, "liked_num": 1}}, {"model": "likes.likecount", "pk": 36, "fields": {"content_type": 12, "object_id": 45, "liked_num": 1}}, {"model": "likes.likecount", "pk": 37, "fields": {"content_type": 12, "object_id": 5, "liked_num": 0}}, {"model": "likes.likecount", "pk": 38, "fields": {"content_type": 12, "object_id": 32, "liked_num": 0}}, {"model": "likes.likecount", "pk": 39, "fields": {"content_type": 12, "object_id": 33, "liked_num": 0}}, {"model": "likes.likecount", "pk": 40, "fields": {"content_type": 12, "object_id": 34, "liked_num": 0}}, {"model": "likes.likecount", "pk": 41, "fields": {"content_type": 12, "object_id": 46, "liked_num": 0}}, {"model": "likes.likecount", "pk": 42, "fields": {"content_type": 12, "object_id": 47, "liked_num": 0}}, {"model": "likes.likecount", "pk": 43, "fields": {"content_type": 12, "object_id": 48, "liked_num": 0}}, {"model": "likes.likecount", "pk": 44, "fields": {"content_type": 12, "object_id": 49, "liked_num": 0}}, {"model": "likes.likecount", "pk": 45, "fields": {"content_type": 12, "object_id": 50, "liked_num": 0}}, {"model": "likes.likecount", "pk": 46, "fields": {"content_type": 12, "object_id": 52, "liked_num": 0}}, {"model": "likes.likecount", "pk": 47, "fields": {"content_type": 12, "object_id": 53, "liked_num": 0}}, {"model": "likes.likecount", "pk": 48, "fields": {"content_type": 12, "object_id": 54, "liked_num": 0}}, {"model": "likes.likecount", "pk": 49, "fields": {"content_type": 12, "object_id": 55, "liked_num": 0}}, {"model": "likes.likecount", "pk": 50, "fields": {"content_type": 12, "object_id": 56, "liked_num": 0}}, {"model": "likes.likecount", "pk": 51, "fields": {"content_type": 12, "object_id": 57, "liked_num": 0}}, {"model": "likes.likecount", "pk": 52, "fields": {"content_type": 12, "object_id": 58, "liked_num": 0}}, {"model": "likes.likecount", "pk": 53, "fields": {"content_type": 12, "object_id": 30, "liked_num": 0}}, {"model": "likes.likecount", "pk": 54, "fields": {"content_type": 12, "object_id": 31, "liked_num": 0}}, {"model": "likes.likecount", "pk": 55, "fields": {"content_type": 12, "object_id": 36, "liked_num": 0}}, {"model": "likes.likecount", "pk": 56, "fields": {"content_type": 12, "object_id": 37, "liked_num": 0}}, {"model": "likes.likecount", "pk": 57, "fields": {"content_type": 12, "object_id": 29, "liked_num": 0}}, {"model": "likes.likecount", "pk": 58, "fields": {"content_type": 12, "object_id": 27, "liked_num": 0}}, {"model": "likes.likecount", "pk": 59, "fields": {"content_type": 12, "object_id": 28, "liked_num": 0}}, {"model": "likes.likecount", "pk": 60, "fields": {"content_type": 12, "object_id": 59, "liked_num": 0}}, {"model": "likes.likecount", "pk": 61, "fields": {"content_type": 12, "object_id": 60, "liked_num": 0}}, {"model": "likes.likecount", "pk": 62, "fields": {"content_type": 12, "object_id": 61, "liked_num": 0}}, {"model": "likes.likecount", "pk": 63, "fields": {"content_type": 12, "object_id": 51, "liked_num": 0}}, {"model": "likes.likecount", "pk": 64, "fields": {"content_type": 12, "object_id": 62, "liked_num": 1}}, {"model": "likes.likecount", "pk": 65, "fields": {"content_type": 12, "object_id": 25, "liked_num": 0}}, {"model": "likes.likecount", "pk": 66, "fields": {"content_type": 12, "object_id": 26, "liked_num": 0}}, {"model": "likes.likecount", "pk": 67, "fields": {"content_type": 12, "object_id": 63, "liked_num": 0}}, {"model": "likes.likecount", "pk": 68, "fields": {"content_type": 7, "object_id": 22, "liked_num": 0}}, {"model": "likes.likecount", "pk": 69, "fields": {"content_type": 7, "object_id": 21, "liked_num": 0}}, {"model": "likes.likecount", "pk": 70, "fields": {"content_type": 7, "object_id": 20, "liked_num": 0}}, {"model": "likes.likecount", "pk": 71, "fields": {"content_type": 7, "object_id": 19, "liked_num": 0}}, {"model": "likes.likecount", "pk": 72, "fields": {"content_type": 7, "object_id": 18, "liked_num": 0}}, {"model": "likes.likecount", "pk": 73, "fields": {"content_type": 7, "object_id": 17, "liked_num": 0}}, {"model": "likes.likecount", "pk": 74, "fields": {"content_type": 7, "object_id": 16, "liked_num": 0}}, {"model": "likes.likecount", "pk": 75, "fields": {"content_type": 12, "object_id": 15, "liked_num": 0}}, {"model": "likes.likecount", "pk": 76, "fields": {"content_type": 12, "object_id": 14, "liked_num": 0}}, {"model": "likes.likecount", "pk": 77, "fields": {"content_type": 12, "object_id": 66, "liked_num": 0}}, {"model": "likes.likecount", "pk": 78, "fields": {"content_type": 12, "object_id": 67, "liked_num": 0}}, {"model": "likes.likecount", "pk": 79, "fields": {"content_type": 12, "object_id": 68, "liked_num": 0}}, {"model": "likes.likecount", "pk": 80, "fields": {"content_type": 12, "object_id": 69, "liked_num": 0}}, {"model": "likes.likecount", "pk": 81, "fields": {"content_type": 12, "object_id": 72, "liked_num": 0}}, {"model": "likes.likecount", "pk": 82, "fields": {"content_type": 12, "object_id": 64, "liked_num": 0}}, {"model": "likes.likecount", "pk": 83, "fields": {"content_type": 7, "object_id": 15, "liked_num": 0}}, {"model": "likes.likecount", "pk": 84, "fields": {"content_type": 7, "object_id": 14, "liked_num": 0}}, {"model": "likes.likecount", "pk": 85, "fields": {"content_type": 7, "object_id": 13, "liked_num": 0}}, {"model": "likes.likecount", "pk": 86, "fields": {"content_type": 7, "object_id": 12, "liked_num": 0}}, {"model": "likes.likecount", "pk": 87, "fields": {"content_type": 7, "object_id": 11, "liked_num": 0}}, {"model": "likes.likecount", "pk": 88, "fields": {"content_type": 7, "object_id": 10, "liked_num": 0}}, {"model": "likes.likecount", "pk": 89, "fields": {"content_type": 7, "object_id": 9, "liked_num": 0}}, {"model": "likes.likecount", "pk": 90, "fields": {"content_type": 12, "object_id": 75, "liked_num": 0}}, {"model": "likes.likecount", "pk": 91, "fields": {"content_type": 12, "object_id": 74, "liked_num": 0}}, {"model": "likes.likecount", "pk": 92, "fields": {"content_type": 12, "object_id": 73, "liked_num": 0}}, {"model": "likes.likecount", "pk": 93, "fields": {"content_type": 12, "object_id": 77, "liked_num": 0}}, {"model": "likes.likecount", "pk": 94, "fields": {"content_type": 12, "object_id": 76, "liked_num": 0}}, {"model": "likes.likecount", "pk": 95, "fields": {"content_type": 7, "object_id": 30, "liked_num": 0}}, {"model": "likes.likecount", "pk": 96, "fields": {"content_type": 12, "object_id": 81, "liked_num": 0}}, {"model": "likes.likecount", "pk": 97, "fields": {"content_type": 12, "object_id": 82, "liked_num": 0}}, {"model": "likes.likecount", "pk": 98, "fields": {"content_type": 12, "object_id": 83, "liked_num": 0}}, {"model": "likes.likecount", "pk": 99, "fields": {"content_type": 12, "object_id": 80, "liked_num": 0}}, {"model": "likes.likecount", "pk": 100, "fields": {"content_type": 12, "object_id": 79, "liked_num": 0}}, {"model": "likes.likecount", "pk": 101, "fields": {"content_type": 12, "object_id": 78, "liked_num": 0}}, {"model": "likes.likecount", "pk": 102, "fields": {"content_type": 12, "object_id": 85, "liked_num": 0}}, {"model": "likes.likecount", "pk": 103, "fields": {"content_type": 12, "object_id": 84, "liked_num": 0}}, {"model": "likes.likecount", "pk": 104, "fields": {"content_type": 12, "object_id": 93, "liked_num": 0}}, {"model": "likes.likecount", "pk": 105, "fields": {"content_type": 12, "object_id": 94, "liked_num": 0}}, {"model": "likes.likecount", "pk": 106, "fields": {"content_type": 12, "object_id": 92, "liked_num": 0}}, {"model": "likes.likecount", "pk": 107, "fields": {"content_type": 12, "object_id": 91, "liked_num": 0}}, {"model": "likes.likecount", "pk": 108, "fields": {"content_type": 12, "object_id": 90, "liked_num": 0}}, {"model": "likes.likecount", "pk": 109, "fields": {"content_type": 12, "object_id": 89, "liked_num": 0}}, {"model": "likes.likecount", "pk": 110, "fields": {"content_type": 12, "object_id": 88, "liked_num": 0}}, {"model": "likes.likecount", "pk": 111, "fields": {"content_type": 12, "object_id": 86, "liked_num": 0}}, {"model": "likes.likecount", "pk": 112, "fields": {"content_type": 12, "object_id": 87, "liked_num": 0}}, {"model": "auth.permission", "pk": 1, "fields": {"name": "Can add log entry", "content_type": 1, "codename": "add_logentry"}}, {"model": "auth.permission", "pk": 2, "fields": {"name": "Can change log entry", "content_type": 1, "codename": "change_logentry"}}, {"model": "auth.permission", "pk": 3, "fields": {"name": "Can delete log entry", "content_type": 1, "codename": "delete_logentry"}}, {"model": "auth.permission", "pk": 4, "fields": {"name": "Can add permission", "content_type": 2, "codename": "add_permission"}}, {"model": "auth.permission", "pk": 5, "fields": {"name": "Can change permission", "content_type": 2, "codename": "change_permission"}}, {"model": "auth.permission", "pk": 6, "fields": {"name": "Can delete permission", "content_type": 2, "codename": "delete_permission"}}, {"model": "auth.permission", "pk": 7, "fields": {"name": "Can add group", "content_type": 3, "codename": "add_group"}}, {"model": "auth.permission", "pk": 8, "fields": {"name": "Can change group", "content_type": 3, "codename": "change_group"}}, {"model": "auth.permission", "pk": 9, "fields": {"name": "Can delete group", "content_type": 3, "codename": "delete_group"}}, {"model": "auth.permission", "pk": 10, "fields": {"name": "Can add user", "content_type": 4, "codename": "add_user"}}, {"model": "auth.permission", "pk": 11, "fields": {"name": "Can change user", "content_type": 4, "codename": "change_user"}}, {"model": "auth.permission", "pk": 12, "fields": {"name": "Can delete user", "content_type": 4, "codename": "delete_user"}}, {"model": "auth.permission", "pk": 13, "fields": {"name": "Can add content type", "content_type": 5, "codename": "add_contenttype"}}, {"model": "auth.permission", "pk": 14, "fields": {"name": "Can change content type", "content_type": 5, "codename": "change_contenttype"}}, {"model": "auth.permission", "pk": 15, "fields": {"name": "Can delete content type", "content_type": 5, "codename": "delete_contenttype"}}, {"model": "auth.permission", "pk": 16, "fields": {"name": "Can add session", "content_type": 6, "codename": "add_session"}}, {"model": "auth.permission", "pk": 17, "fields": {"name": "Can change session", "content_type": 6, "codename": "change_session"}}, {"model": "auth.permission", "pk": 18, "fields": {"name": "Can delete session", "content_type": 6, "codename": "delete_session"}}, {"model": "auth.permission", "pk": 19, "fields": {"name": "Can add blog", "content_type": 7, "codename": "add_blog"}}, {"model": "auth.permission", "pk": 20, "fields": {"name": "Can change blog", "content_type": 7, "codename": "change_blog"}}, {"model": "auth.permission", "pk": 21, "fields": {"name": "Can delete blog", "content_type": 7, "codename": "delete_blog"}}, {"model": "auth.permission", "pk": 22, "fields": {"name": "Can add blog type", "content_type": 8, "codename": "add_blogtype"}}, {"model": "auth.permission", "pk": 23, "fields": {"name": "Can change blog type", "content_type": 8, "codename": "change_blogtype"}}, {"model": "auth.permission", "pk": 24, "fields": {"name": "Can delete blog type", "content_type": 8, "codename": "delete_blogtype"}}, {"model": "auth.permission", "pk": 25, "fields": {"name": "Can add read num", "content_type": 9, "codename": "add_readnum"}}, {"model": "auth.permission", "pk": 26, "fields": {"name": "Can change read num", "content_type": 9, "codename": "change_readnum"}}, {"model": "auth.permission", "pk": 27, "fields": {"name": "Can delete read num", "content_type": 9, "codename": "delete_readnum"}}, {"model": "auth.permission", "pk": 28, "fields": {"name": "Can add read num", "content_type": 10, "codename": "add_readnum"}}, {"model": "auth.permission", "pk": 29, "fields": {"name": "Can change read num", "content_type": 10, "codename": "change_readnum"}}, {"model": "auth.permission", "pk": 30, "fields": {"name": "Can delete read num", "content_type": 10, "codename": "delete_readnum"}}, {"model": "auth.permission", "pk": 31, "fields": {"name": "Can add read detail", "content_type": 11, "codename": "add_readdetail"}}, {"model": "auth.permission", "pk": 32, "fields": {"name": "Can change read detail", "content_type": 11, "codename": "change_readdetail"}}, {"model": "auth.permission", "pk": 33, "fields": {"name": "Can delete read detail", "content_type": 11, "codename": "delete_readdetail"}}, {"model": "auth.permission", "pk": 34, "fields": {"name": "Can add comment", "content_type": 12, "codename": "add_comment"}}, {"model": "auth.permission", "pk": 35, "fields": {"name": "Can change comment", "content_type": 12, "codename": "change_comment"}}, {"model": "auth.permission", "pk": 36, "fields": {"name": "Can delete comment", "content_type": 12, "codename": "delete_comment"}}, {"model": "auth.permission", "pk": 37, "fields": {"name": "Can add like count", "content_type": 13, "codename": "add_likecount"}}, {"model": "auth.permission", "pk": 38, "fields": {"name": "Can change like count", "content_type": 13, "codename": "change_likecount"}}, {"model": "auth.permission", "pk": 39, "fields": {"name": "Can delete like count", "content_type": 13, "codename": "delete_likecount"}}, {"model": "auth.permission", "pk": 40, "fields": {"name": "Can add like record", "content_type": 14, "codename": "add_likerecord"}}, {"model": "auth.permission", "pk": 41, "fields": {"name": "Can change like record", "content_type": 14, "codename": "change_likerecord"}}, {"model": "auth.permission", "pk": 42, "fields": {"name": "Can delete like record", "content_type": 14, "codename": "delete_likerecord"}}, {"model": "auth.permission", "pk": 43, "fields": {"name": "Can add profile", "content_type": 15, "codename": "add_profile"}}, {"model": "auth.permission", "pk": 44, "fields": {"name": "Can change profile", "content_type": 15, "codename": "change_profile"}}, {"model": "auth.permission", "pk": 45, "fields": {"name": "Can delete profile", "content_type": 15, "codename": "delete_profile"}}, {"model": "auth.user", "pk": 1, "fields": {"password": "pbkdf2_sha256$100000$h90nFQudJTTU$gbang43yyDWHi+14QZD9UAVYQuCr/AaiAkx/Yl42vkQ=", "last_login": "2019-03-19T03:48:24.813Z", "is_superuser": true, "username": "blog_zqs", "first_name": "", "last_name": "", "email": "zqs970313@163.com", "is_staff": true, "is_active": true, "date_joined": "2018-10-22T15:22:00Z", "groups": [], "user_permissions": []}}, {"model": "auth.user", "pk": 4, "fields": {"password": "pbkdf2_sha256$100000$F62zutsKWJfB$YQ32+LeTygOjTwi5OoYGtuhG+/tvooedbvnvH1DRTXE=", "last_login": "2019-02-27T15:09:41.765Z", "is_superuser": false, "username": "zqs_2", "first_name": "", "last_name": "", "email": "", "is_staff": false, "is_active": true, "date_joined": "2019-02-27T15:09:11.984Z", "groups": [], "user_permissions": []}}, {"model": "auth.user", "pk": 5, "fields": {"password": "pbkdf2_sha256$100000$jVbACq0pQt3Y$A/OYBS+L52Pg3/UUfkUaP3gG1VU4PA5rbfVwEuPEiWI=", "last_login": "2019-03-05T13:54:10.956Z", "is_superuser": false, "username": "\u4e8c\u54c8\u9a91\u58eb", "first_name": "", "last_name": "", "email": "1070735975@qq.com", "is_staff": false, "is_active": true, "date_joined": "2019-03-05T13:54:10.616Z", "groups": [], "user_permissions": []}}, {"model": "blog.blog", "pk": 3, "fields": {"title": "\u957f\u5185\u5bb9\u7684\u535a\u5ba2", "blog_type": 1, "content": "\u7231\u7684\u8272\u653e\u6492\u65e6\u53d1\u5c04\u70b9\u53d1\u751f\u7b97\u6cd5\u6492\u65e6\u98de\u6d12\u5730\u65b9\u7231\u7684\u8272\u653e\u6492\u65e6\u53d1\u5c04\u70b9\u53d1\u751f\u7b97\u6cd5\u6492\u65e6\u98de\u6d12\u5730\u65b9\u7231\u7684\u8272\u653e\u6492\u65e6\u53d1\u5c04\u70b9\u53d1\u751f\u7b97\u6cd5\u6492\u65e6\u98de\u6d12\u5730\u65b9\u7231\u7684\u8272\u653e\u6492\u65e6\u53d1\u5c04\u70b9\u53d1\u751f\u7b97\u6cd5\u6492\u65e6\u98de\u6d12\u5730\u65b9\u7231\u7684\u8272\u653e\u6492\u65e6\u53d1\u5c04\u70b9\u53d1\u751f\u7b97\u6cd5\u6492\u65e6\u98de\u6d12\u5730\u65b9\u7231\u7684\u8272\u653e\u6492\u65e6\u53d1\u5c04\u70b9\u53d1\u751f\u7b97\u6cd5\u6492\u65e6\u98de\u6d12\u5730\u65b9\u7231\u7684\u8272\u653e\u6492\u65e6\u53d1\u5c04\u70b9\u53d1\u751f\u7b97\u6cd5\u6492\u65e6\u98de\u6d12\u5730\u65b9\u7231\u7684\u8272\u653e\u6492\u65e6\u53d1\u5c04\u70b9\u53d1\u751f\u7b97\u6cd5\u6492\u65e6\u98de\u6d12\u5730\u65b9\u7231\u7684\u8272\u653e\u6492\u65e6\u53d1\u5c04\u70b9\u53d1\u751f\u7b97\u6cd5\u6492\u65e6\u98de\u6d12\u5730\u65b9\u7231\u7684\u8272\u653e\u6492\u65e6\u53d1\u5c04\u70b9\u53d1\u751f\u7b97\u6cd5\u6492\u65e6\u98de\u6d12\u5730\u65b9\u7231\u7684\u8272\u653e\u6492\u65e6\u53d1\u5c04\u70b9\u53d1\u751f\u7b97\u6cd5\u6492\u65e6\u98de\u6d12\u5730\u65b9\u7231\u7684\u8272\u653e\u6492\u65e6\u53d1\u5c04\u70b9\u53d1\u751f\u7b97\u6cd5\u6492\u65e6\u98de\u6d12\u5730\u65b9\u7231\u7684\u8272\u653e\u6492\u65e6\u53d1\u5c04\u70b9\u53d1\u751f\u7b97\u6cd5\u6492\u65e6\u98de\u6d12\u5730\u65b9\u7231\u7684\u8272\u653e\u6492\u65e6\u53d1\u5c04\u70b9\u53d1\u751f\u7b97\u6cd5\u6492\u65e6\u98de\u6d12\u5730\u65b9\u7231\u7684\u8272\u653e\u6492\u65e6\u53d1\u5c04\u70b9\u53d1\u751f\u7b97\u6cd5\u6492\u65e6\u98de\u6d12\u5730\u65b9\u7231\u7684\u8272\u653e\u6492\u65e6\u53d1\u5c04\u70b9\u53d1\u751f\u7b97\u6cd5\u6492\u65e6\u98de\u6d12\u5730\u65b9\u7231\u7684\u8272\u653e\u6492\u65e6\u53d1\u5c04\u70b9\u53d1\u751f\u7b97\u6cd5\u6492\u65e6\u98de\u6d12\u5730\u65b9\u7231\u7684\u8272\u653e\u6492\u65e6\u53d1\u5c04\u70b9\u53d1\u751f\u7b97\u6cd5\u6492\u65e6\u98de\u6d12\u5730\u65b9\u7231\u7684\u8272\u653e\u6492\u65e6\u53d1\u5c04\u70b9\u53d1\u751f\u7b97\u6cd5\u6492\u65e6\u98de\u6d12\u5730\u65b9\u7231\u7684\u8272\u653e\u6492\u65e6\u53d1\u5c04\u70b9\u53d1\u751f\u7b97\u6cd5\u6492\u65e6\u98de\u6d12\u5730\u65b9\u7231\u7684\u8272\u653e\u6492\u65e6\u53d1\u5c04\u70b9\u53d1\u751f\u7b97\u6cd5\u6492\u65e6\u98de\u6d12\u5730\u65b9\u7231\u7684\u8272\u653e\u6492\u65e6\u53d1\u5c04\u70b9\u53d1\u751f\u7b97\u6cd5\u6492\u65e6\u98de\u6d12\u5730\u65b9\u7231\u7684\u8272\u653e\u6492\u65e6\u53d1\u5c04\u70b9\u53d1\u751f\u7b97\u6cd5\u6492\u65e6\u98de\u6d12\u5730\u65b9\u7231\u7684\u8272\u653e\u6492\u65e6\u53d1\u5c04\u70b9\u53d1\u751f\u7b97\u6cd5\u6492\u65e6\u98de\u6d12\u5730\u65b9\u7231\u7684\u8272\u653e\u6492\u65e6\u53d1\u5c04\u70b9\u53d1\u751f\u7b97\u6cd5\u6492\u65e6\u98de\u6d12\u5730\u65b9\u7231\u7684\u8272\u653e\u6492\u65e6\u53d1\u5c04\u70b9\u53d1\u751f\u7b97\u6cd5\u6492\u65e6\u98de\u6d12\u5730\u65b9\u7231\u7684\u8272\u653e\u6492\u65e6\u53d1\u5c04\u70b9\u53d1\u751f\u7b97\u6cd5\u6492\u65e6\u98de\u6d12\u5730\u65b9\u7231\u7684\u8272\u653e\u6492\u65e6\u53d1\u5c04\u70b9\u53d1\u751f\u7b97\u6cd5\u6492\u65e6\u98de\u6d12\u5730\u65b9\u7231\u7684\u8272\u653e\u6492\u65e6\u53d1\u5c04\u70b9\u53d1\u751f\u7b97\u6cd5\u6492\u65e6\u98de\u6d12\u5730\u65b9\u7231\u7684\u8272\u653e\u6492\u65e6\u53d1\u5c04\u70b9\u53d1\u751f\u7b97\u6cd5\u6492\u65e6\u98de\u6d12\u5730\u65b9\u7231\u7684\u8272\u653e\u6492\u65e6\u53d1\u5c04\u70b9\u53d1\u751f\u7b97\u6cd5\u6492\u65e6\u98de\u6d12\u5730\u65b9\u7231\u7684\u8272\u653e\u6492\u65e6\u53d1\u5c04\u70b9\u53d1\u751f\u7b97\u6cd5\u6492\u65e6\u98de\u6d12\u5730\u65b9\u7231\u7684\u8272\u653e\u6492\u65e6\u53d1\u5c04\u70b9\u53d1\u751f\u7b97\u6cd5\u6492\u65e6\u98de\u6d12\u5730\u65b9\u7231\u7684\u8272\u653e\u6492\u65e6\u53d1\u5c04\u70b9\u53d1\u751f\u7b97\u6cd5\u6492\u65e6\u98de\u6d12\u5730\u65b9\u7231\u7684\u8272\u653e\u6492\u65e6\u53d1\u5c04\u70b9\u53d1\u751f\u7b97\u6cd5\u6492\u65e6\u98de\u6d12\u5730\u65b9\u7231\u7684\u8272\u653e\u6492\u65e6\u53d1\u5c04\u70b9\u53d1\u751f\u7b97\u6cd5\u6492\u65e6\u98de\u6d12\u5730\u65b9\u7231\u7684\u8272\u653e\u6492\u65e6\u53d1\u5c04\u70b9\u53d1\u751f\u7b97\u6cd5\u6492\u65e6\u98de\u6d12\u5730\u65b9\u7231\u7684\u8272\u653e\u6492\u65e6\u53d1\u5c04\u70b9\u53d1\u751f\u7b97\u6cd5\u6492\u65e6\u98de\u6d12\u5730\u65b9\u7231\u7684\u8272\u653e\u6492\u65e6\u53d1\u5c04\u70b9\u53d1\u751f\u7b97\u6cd5\u6492\u65e6\u98de\u6d12\u5730\u65b9\u7231\u7684\u8272\u653e\u6492\u65e6\u53d1\u5c04\u70b9\u53d1\u751f\u7b97\u6cd5\u6492\u65e6\u98de\u6d12\u5730\u65b9\u7231\u7684\u8272\u653e\u6492\u65e6\u53d1\u5c04\u70b9\u53d1\u751f\u7b97\u6cd5\u6492\u65e6\u98de\u6d12\u5730\u65b9\u7231\u7684\u8272\u653e\u6492\u65e6\u53d1\u5c04\u70b9\u53d1\u751f\u7b97\u6cd5\u6492\u65e6\u98de\u6d12\u5730\u65b9\u7231\u7684\u8272\u653e\u6492\u65e6\u53d1\u5c04\u70b9\u53d1\u751f\u7b97\u6cd5\u6492\u65e6\u98de\u6d12\u5730\u65b9\u7231\u7684\u8272\u653e\u6492\u65e6\u53d1\u5c04\u70b9\u53d1\u751f\u7b97\u6cd5\u6492\u65e6\u98de\u6d12\u5730\u65b9\u7231\u7684\u8272\u653e\u6492\u65e6\u53d1\u5c04\u70b9\u53d1\u751f\u7b97\u6cd5\u6492\u65e6\u98de\u6d12\u5730\u65b9\u7231\u7684\u8272\u653e\u6492\u65e6\u53d1\u5c04\u70b9\u53d1\u751f\u7b97\u6cd5\u6492\u65e6\u98de\u6d12\u5730\u65b9", "author": 1, "created_time": "2018-10-23T04:17:04.023Z", "last_updated_time": "2018-10-23T04:17:04.023Z"}}, {"model": "blog.blog", "pk": 4, "fields": {"title": "\u968f\u7b142", "blog_type": 1, "content": "\u963f\u4e09\u53d1\u5c04\u70b9\u6cd5\u5927\u5e08\u5085\u6492\u65e6\u8303\u5fb7\u8428\u6253\u53d1\u7684\u963f\u4e09\u53d1\u5c04\u70b9\u6cd5\u5927\u5e08\u5085\u6492\u65e6\u8303\u5fb7\u8428\u6253\u53d1\u7684\u963f\u4e09\u53d1\u5c04\u70b9\u6cd5\u5927\u5e08\u5085\u6492\u65e6\u8303\u5fb7\u8428\u6253\u53d1\u7684\u963f\u4e09\u53d1\u5c04\u70b9\u6cd5\u5927\u5e08\u5085\u6492\u65e6\u8303\u5fb7\u8428\u6253\u53d1\u7684\u963f\u4e09\u53d1\u5c04\u70b9\u6cd5\u5927\u5e08\u5085\u6492\u65e6\u8303\u5fb7\u8428\u6253\u53d1\u7684\u963f\u4e09\u53d1\u5c04\u70b9\u6cd5\u5927\u5e08\u5085\u6492\u65e6\u8303\u5fb7\u8428\u6253\u53d1\u7684\u963f\u4e09\u53d1\u5c04\u70b9\u6cd5\u5927\u5e08\u5085\u6492\u65e6\u8303\u5fb7\u8428\u6253\u53d1\u7684\u963f\u4e09\u53d1\u5c04\u70b9\u6cd5\u5927\u5e08\u5085\u6492\u65e6\u8303\u5fb7\u8428\u6253\u53d1\u7684\u963f\u4e09\u53d1\u5c04\u70b9\u6cd5\u5927\u5e08\u5085\u6492\u65e6\u8303\u5fb7\u8428\u6253\u53d1\u7684\u963f\u4e09\u53d1\u5c04\u70b9\u6cd5\u5927\u5e08\u5085\u6492\u65e6\u8303\u5fb7\u8428\u6253\u53d1\u7684\u963f\u4e09\u53d1\u5c04\u70b9\u6cd5\u5927\u5e08\u5085\u6492\u65e6\u8303\u5fb7\u8428\u6253\u53d1\u7684\u963f\u4e09\u53d1\u5c04\u70b9\u6cd5\u5927\u5e08\u5085\u6492\u65e6\u8303\u5fb7\u8428\u6253\u53d1\u7684\u963f\u4e09\u53d1\u5c04\u70b9\u6cd5\u5927\u5e08\u5085\u6492\u65e6\u8303\u5fb7\u8428\u6253\u53d1\u7684\u963f\u4e09\u53d1\u5c04\u70b9\u6cd5\u5927\u5e08\u5085\u6492\u65e6\u8303\u5fb7\u8428\u6253\u53d1\u7684\u963f\u4e09\u53d1\u5c04\u70b9\u6cd5\u5927\u5e08\u5085\u6492\u65e6\u8303\u5fb7\u8428\u6253\u53d1\u7684\u963f\u4e09\u53d1\u5c04\u70b9\u6cd5\u5927\u5e08\u5085\u6492\u65e6\u8303\u5fb7\u8428\u6253\u53d1\u7684\u963f\u4e09\u53d1\u5c04\u70b9\u6cd5\u5927\u5e08\u5085\u6492\u65e6\u8303\u5fb7\u8428\u6253\u53d1\u7684\u963f\u4e09\u53d1\u5c04\u70b9\u6cd5\u5927\u5e08\u5085\u6492\u65e6\u8303\u5fb7\u8428\u6253\u53d1\u7684\u963f\u4e09\u53d1\u5c04\u70b9\u6cd5\u5927\u5e08\u5085\u6492\u65e6\u8303\u5fb7\u8428\u6253\u53d1\u7684\u963f\u4e09\u53d1\u5c04\u70b9\u6cd5\u5927\u5e08\u5085\u6492\u65e6\u8303\u5fb7\u8428\u6253\u53d1\u7684\u963f\u4e09\u53d1\u5c04\u70b9\u6cd5\u5927\u5e08\u5085\u6492\u65e6\u8303\u5fb7\u8428\u6253\u53d1\u7684\u963f\u4e09\u53d1\u5c04\u70b9\u6cd5\u5927\u5e08\u5085\u6492\u65e6\u8303\u5fb7\u8428\u6253\u53d1\u7684\u963f\u4e09\u53d1\u5c04\u70b9\u6cd5\u5927\u5e08\u5085\u6492\u65e6\u8303\u5fb7\u8428\u6253\u53d1\u7684\u963f\u4e09\u53d1\u5c04\u70b9\u6cd5\u5927\u5e08\u5085\u6492\u65e6\u8303\u5fb7\u8428\u6253\u53d1\u7684\u963f\u4e09\u53d1\u5c04\u70b9\u6cd5\u5927\u5e08\u5085\u6492\u65e6\u8303\u5fb7\u8428\u6253\u53d1\u7684\u963f\u4e09\u53d1\u5c04\u70b9\u6cd5\u5927\u5e08\u5085\u6492\u65e6\u8303\u5fb7\u8428\u6253\u53d1\u7684\u963f\u4e09\u53d1\u5c04\u70b9\u6cd5\u5927\u5e08\u5085\u6492\u65e6\u8303\u5fb7\u8428\u6253\u53d1\u7684\u963f\u4e09\u53d1\u5c04\u70b9\u6cd5\u5927\u5e08\u5085\u6492\u65e6\u8303\u5fb7\u8428\u6253\u53d1\u7684\u963f\u4e09\u53d1\u5c04\u70b9\u6cd5\u5927\u5e08\u5085\u6492\u65e6\u8303\u5fb7\u8428\u6253\u53d1\u7684\u963f\u4e09\u53d1\u5c04\u70b9\u6cd5\u5927\u5e08\u5085\u6492\u65e6\u8303\u5fb7\u8428\u6253\u53d1\u7684\u963f\u4e09\u53d1\u5c04\u70b9\u6cd5\u5927\u5e08\u5085\u6492\u65e6\u8303\u5fb7\u8428\u6253\u53d1\u7684\u963f\u4e09\u53d1\u5c04\u70b9\u6cd5\u5927\u5e08\u5085\u6492\u65e6\u8303\u5fb7\u8428\u6253\u53d1\u7684\u963f\u4e09\u53d1\u5c04\u70b9\u6cd5\u5927\u5e08\u5085\u6492\u65e6\u8303\u5fb7\u8428\u6253\u53d1\u7684\u963f\u4e09\u53d1\u5c04\u70b9\u6cd5\u5927\u5e08\u5085\u6492\u65e6\u8303\u5fb7\u8428\u6253\u53d1\u7684\u963f\u4e09\u53d1\u5c04\u70b9\u6cd5\u5927\u5e08\u5085\u6492\u65e6\u8303\u5fb7\u8428\u6253\u53d1\u7684\u963f\u4e09\u53d1\u5c04\u70b9\u6cd5\u5927\u5e08\u5085\u6492\u65e6\u8303\u5fb7\u8428\u6253\u53d1\u7684", "author": 1, "created_time": "2018-10-23T05:14:06.985Z", "last_updated_time": "2018-10-23T05:14:06.985Z"}}, {"model": "blog.blog", "pk": 5, "fields": {"title": "\u611f\u609f", "blog_type": 3, "content": "\u5341\u5927\u5676\u5c71\u8c46\u6839\u8c46\u8150\u5e72\u5730\u65b9\u5676\u5341\u5927\u5676\u5c71\u8c46\u6839\u8c46\u8150\u5e72\u5730\u65b9\u5676\u5341\u5927\u5676\u5c71\u8c46\u6839\u8c46\u8150\u5e72\u5730\u65b9\u5676\u5341\u5927\u5676\u5c71\u8c46\u6839\u8c46\u8150\u5e72\u5730\u65b9\u5676\u5341\u5927\u5676\u5c71\u8c46\u6839\u8c46\u8150\u5e72\u5730\u65b9\u5676\u5341\u5927\u5676\u5c71\u8c46\u6839\u8c46\u8150\u5e72\u5730\u65b9\u5676\u5341\u5927\u5676\u5c71\u8c46\u6839\u8c46\u8150\u5e72\u5730\u65b9\u5676\u5341\u5927\u5676\u5c71\u8c46\u6839\u8c46\u8150\u5e72\u5730\u65b9\u5676\u5341\u5927\u5676\u5c71\u8c46\u6839\u8c46\u8150\u5e72\u5730\u65b9\u5676\u5341\u5927\u5676\u5c71\u8c46\u6839\u8c46\u8150\u5e72\u5730\u65b9\u5676\u5341\u5927\u5676\u5c71\u8c46\u6839\u8c46\u8150\u5e72\u5730\u65b9\u5676\u5341\u5927\u5676\u5c71\u8c46\u6839\u8c46\u8150\u5e72\u5730\u65b9\u5676\u5341\u5927\u5676\u5c71\u8c46\u6839\u8c46\u8150\u5e72\u5730\u65b9\u5676\u5341\u5927\u5676\u5c71\u8c46\u6839\u8c46\u8150\u5e72\u5730\u65b9\u5676\u5341\u5927\u5676\u5c71\u8c46\u6839\u8c46\u8150\u5e72\u5730\u65b9\u5676\u5341\u5927\u5676\u5c71\u8c46\u6839\u8c46\u8150\u5e72\u5730\u65b9\u5676\u5341\u5927\u5676\u5c71\u8c46\u6839\u8c46\u8150\u5e72\u5730\u65b9\u5676\u5341\u5927\u5676\u5c71\u8c46\u6839\u8c46\u8150\u5e72\u5730\u65b9\u5676\u5341\u5927\u5676\u5c71\u8c46\u6839\u8c46\u8150\u5e72\u5730\u65b9\u5676\u5341\u5927\u5676\u5c71\u8c46\u6839\u8c46\u8150\u5e72\u5730\u65b9\u5676\u5341\u5927\u5676\u5c71\u8c46\u6839\u8c46\u8150\u5e72\u5730\u65b9\u5676\u5341\u5927\u5676\u5c71\u8c46\u6839\u8c46\u8150\u5e72\u5730\u65b9\u5676\u5341\u5927\u5676\u5c71\u8c46\u6839\u8c46\u8150\u5e72\u5730\u65b9\u5676\u5341\u5927\u5676\u5c71\u8c46\u6839\u8c46\u8150\u5e72\u5730\u65b9\u5676\u5341\u5927\u5676\u5c71\u8c46\u6839\u8c46\u8150\u5e72\u5730\u65b9\u5676\u5341\u5927\u5676\u5c71\u8c46\u6839\u8c46\u8150\u5e72\u5730\u65b9\u5676\u5341\u5927\u5676\u5c71\u8c46\u6839\u8c46\u8150\u5e72\u5730\u65b9\u5676\u5341\u5927\u5676\u5c71\u8c46\u6839\u8c46\u8150\u5e72\u5730\u65b9\u5676\u5341\u5927\u5676\u5c71\u8c46\u6839\u8c46\u8150\u5e72\u5730\u65b9\u5676\u5341\u5927\u5676\u5c71\u8c46\u6839\u8c46\u8150\u5e72\u5730\u65b9\u5676\u5341\u5927\u5676\u5c71\u8c46\u6839\u8c46\u8150\u5e72\u5730\u65b9\u5676\u5341\u5927\u5676\u5c71\u8c46\u6839\u8c46\u8150\u5e72\u5730\u65b9\u5676\u5341\u5927\u5676\u5c71\u8c46\u6839\u8c46\u8150\u5e72\u5730\u65b9\u5676\u5341\u5927\u5676\u5c71\u8c46\u6839\u8c46\u8150\u5e72\u5730\u65b9\u5676\u5341\u5927\u5676\u5c71\u8c46\u6839\u8c46\u8150\u5e72\u5730\u65b9\u5676\u5341\u5927\u5676\u5c71\u8c46\u6839\u8c46\u8150\u5e72\u5730\u65b9\u5676\u5341\u5927\u5676\u5c71\u8c46\u6839\u8c46\u8150\u5e72\u5730\u65b9\u5676\u5341\u5927\u5676\u5c71\u8c46\u6839\u8c46\u8150\u5e72\u5730\u65b9\u5676\u5341\u5927\u5676\u5c71\u8c46\u6839\u8c46\u8150\u5e72\u5730\u65b9\u5676\u5341\u5927\u5676\u5c71\u8c46\u6839\u8c46\u8150\u5e72\u5730\u65b9\u5676\u5341\u5927\u5676\u5c71\u8c46\u6839\u8c46\u8150\u5e72\u5730\u65b9\u5676\u5341\u5927\u5676\u5c71\u8c46\u6839\u8c46\u8150\u5e72\u5730\u65b9\u5676\u5341\u5927\u5676\u5c71\u8c46\u6839\u8c46\u8150\u5e72\u5730\u65b9\u5676\u5341\u5927\u5676\u5c71\u8c46\u6839\u8c46\u8150\u5e72\u5730\u65b9\u5676\u5341\u5927\u5676\u5c71\u8c46\u6839\u8c46\u8150\u5e72\u5730\u65b9\u5676\u5341\u5927\u5676\u5c71\u8c46\u6839\u8c46\u8150\u5e72\u5730\u65b9\u5676\u5341\u5927\u5676\u5c71\u8c46\u6839\u8c46\u8150\u5e72\u5730\u65b9\u5676\u5341\u5927\u5676\u5c71\u8c46\u6839\u8c46\u8150\u5e72\u5730\u65b9\u5676\u5341\u5927\u5676\u5c71\u8c46\u6839\u8c46\u8150\u5e72\u5730\u65b9\u5676", "author": 1, "created_time": "2018-10-23T05:14:28.605Z", "last_updated_time": "2018-10-23T05:14:28.605Z"}}, {"model": "blog.blog", "pk": 6, "fields": {"title": "shell\u4e0b\u7b2c\u4e00\u7bc7", "blog_type": 1, "content": "xxxxxxxx", "author": 1, "created_time": "2018-10-24T12:44:26.686Z", "last_updated_time": "2018-10-24T12:44:26.686Z"}}, {"model": "blog.blog", "pk": 7, "fields": {"title": "for 1", "blog_type": 1, "content": "", "author": 1, "created_time": "2018-10-24T12:56:19.423Z", "last_updated_time": "2018-10-24T12:56:19.423Z"}}, {"model": "blog.blog", "pk": 8, "fields": {"title": "for 2", "blog_type": 1, "content": "", "author": 1, "created_time": "2018-10-24T12:56:19.437Z", "last_updated_time": "2018-10-24T12:56:19.437Z"}}, {"model": "blog.blog", "pk": 9, "fields": {"title": "for 3", "blog_type": 1, "content": "", "author": 1, "created_time": "2018-10-24T12:56:19.451Z", "last_updated_time": "2018-10-24T12:56:19.451Z"}}, {"model": "blog.blog", "pk": 10, "fields": {"title": "for 4", "blog_type": 1, "content": "", "author": 1, "created_time": "2018-10-24T12:56:19.464Z", "last_updated_time": "2018-10-24T12:56:19.464Z"}}, {"model": "blog.blog", "pk": 11, "fields": {"title": "for 5", "blog_type": 1, "content": "", "author": 1, "created_time": "2018-10-24T12:56:19.477Z", "last_updated_time": "2018-10-24T12:56:19.477Z"}}, {"model": "blog.blog", "pk": 12, "fields": {"title": "for 6", "blog_type": 1, "content": "", "author": 1, "created_time": "2018-10-24T12:56:19.490Z", "last_updated_time": "2018-10-24T12:56:19.490Z"}}, {"model": "blog.blog", "pk": 13, "fields": {"title": "for 7", "blog_type": 1, "content": "", "author": 1, "created_time": "2018-10-24T12:56:19.503Z", "last_updated_time": "2018-10-24T12:56:19.503Z"}}, {"model": "blog.blog", "pk": 14, "fields": {"title": "for 8", "blog_type": 1, "content": "", "author": 1, "created_time": "2018-10-24T12:56:19.517Z", "last_updated_time": "2018-10-24T12:56:19.517Z"}}, {"model": "blog.blog", "pk": 15, "fields": {"title": "for 9", "blog_type": 1, "content": "", "author": 1, "created_time": "2018-10-24T12:56:19.531Z", "last_updated_time": "2018-10-24T12:56:19.531Z"}}, {"model": "blog.blog", "pk": 16, "fields": {"title": "for 10", "blog_type": 1, "content": "<p>ydfyfyttfg</p>", "author": 1, "created_time": "2018-10-24T12:56:19.544Z", "last_updated_time": "2018-11-02T08:54:37.806Z"}}, {"model": "blog.blog", "pk": 17, "fields": {"title": "for 11", "blog_type": 1, "content": "", "author": 1, "created_time": "2018-10-24T12:56:19.559Z", "last_updated_time": "2018-10-24T12:56:19.559Z"}}, {"model": "blog.blog", "pk": 18, "fields": {"title": "for 12", "blog_type": 1, "content": "", "author": 1, "created_time": "2018-10-24T12:56:19.572Z", "last_updated_time": "2018-10-24T12:56:19.573Z"}}, {"model": "blog.blog", "pk": 19, "fields": {"title": "for 13", "blog_type": 1, "content": "", "author": 1, "created_time": "2018-10-24T12:56:19.585Z", "last_updated_time": "2018-10-24T12:56:19.585Z"}}, {"model": "blog.blog", "pk": 20, "fields": {"title": "for 14", "blog_type": 1, "content": "", "author": 1, "created_time": "2018-10-24T12:56:19.598Z", "last_updated_time": "2018-10-24T12:56:19.598Z"}}, {"model": "blog.blog", "pk": 21, "fields": {"title": "for 15", "blog_type": 1, "content": "", "author": 1, "created_time": "2018-10-24T12:56:19.611Z", "last_updated_time": "2018-10-24T12:56:19.611Z"}}, {"model": "blog.blog", "pk": 22, "fields": {"title": "for 16", "blog_type": 1, "content": "", "author": 1, "created_time": "2018-10-24T12:56:19.625Z", "last_updated_time": "2018-10-24T12:56:19.625Z"}}, {"model": "blog.blog", "pk": 23, "fields": {"title": "for 17", "blog_type": 1, "content": "", "author": 1, "created_time": "2018-10-24T12:56:19.638Z", "last_updated_time": "2018-10-24T12:56:19.638Z"}}, {"model": "blog.blog", "pk": 24, "fields": {"title": "for 18", "blog_type": 1, "content": "", "author": 1, "created_time": "2018-10-24T12:56:19.651Z", "last_updated_time": "2018-10-24T12:56:19.651Z"}}, {"model": "blog.blog", "pk": 25, "fields": {"title": "for 19", "blog_type": 1, "content": "", "author": 1, "created_time": "2018-10-24T12:56:19.663Z", "last_updated_time": "2018-11-01T08:49:00.119Z"}}, {"model": "blog.blog", "pk": 26, "fields": {"title": "for 20", "blog_type": 1, "content": "", "author": 1, "created_time": "2018-10-24T12:56:19.678Z", "last_updated_time": "2018-11-01T08:49:47.655Z"}}, {"model": "blog.blog", "pk": 27, "fields": {"title": "\u7b2c\u4e00\u7bc7Django", "blog_type": 2, "content": "<h2>\u8428\u82ac\u516d\u5341\u516d\u9644\u8fd1\u7684\u8428\u62c9\u653e\u6b3e\u901f\u5ea6\u5f88\u5feb\u98de\u8f6e\u6d77\u554a</h2>\r\n\r\n<p>\u6492\u65e6\u7acb\u523b\u8fd4\u56de\u5362\u8428\u5361\u5927\u5bb6\u6765\u770b\u6492\u5927\u52bf\u529b\u7684\u4f1a\u8ba1\u5206\u5f55\u7231\u4e0a\u4e86\u7231\u4e0a\u4e86\u7684\u770b\u6cd5\u62c9\u8428\u6269\u5927\u4ea4\u6d41\u5b89\u5341\u70b9\u96f6\u5206\u79d1\u6280\u6492\u8d56\u6269\u5927\u5c31</p>\r\n\r\n<p><span style=\"color:#e74c3c\">\u963f\u65af\u987f\u53d1\u5c04\u70b9\u53d1\u5c04\u70b9\u53d1\u5c04\u70b9\u6cd5\u5927\u5e08\u5085\u53d1\u58eb\u5927\u592b\u5341\u5927</span></p>\r\n\r\n<p><img alt=\"\" src=\"/media/upload/2018/10/31/drwpzw.PNG\" style=\"height:100px; width:200px\" /></p>", "author": 1, "created_time": "2018-10-31T13:55:53.582Z", "last_updated_time": "2018-11-01T08:49:19.577Z"}}, {"model": "blog.blog", "pk": 28, "fields": {"title": "sadfsf", "blog_type": 2, "content": "<p>sadfdsgdgfdgfdsgfdgdfgfdgdfsg</p>", "author": 1, "created_time": "2018-11-02T08:56:49.244Z", "last_updated_time": "2018-11-02T08:56:49.244Z"}}, {"model": "blog.blog", "pk": 29, "fields": {"title": "\u4e8c\u4f4d", "blog_type": 2, "content": "<p>\u50bb\u5927\u4e2a\u8fc7\u5206\u8fc7\u5206\u8fc7\u5206\u8fc7\u5206\u516c\u53f8\u5e7f\u544a\u80a1\u4efd\u7684\u516c\u53f8</p>", "author": 1, "created_time": "2018-11-05T14:27:10.294Z", "last_updated_time": "2018-11-05T14:27:10.294Z"}}, {"model": "blog.blog", "pk": 30, "fields": {"title": "\u5965\u672f\u5927\u5e08\u591a", "blog_type": 2, "content": "<p>\u5965\u672f\u5927\u5e08\u591a\u591a\u5927\u5927\u5927\u6240\u591a\u6240</p>", "author": 1, "created_time": "2019-03-18T05:13:25.701Z", "last_updated_time": "2019-03-18T05:13:25.701Z"}}, {"model": "comment.comment", "pk": 2, "fields": {"content_type": 7, "object_id": 29, "text": "123", "comment_time": "2018-11-12T07:17:17.909Z", "user": 1, "root": null, "parent": null, "reply_to": null}}, {"model": "comment.comment", "pk": 3, "fields": {"content_type": 7, "object_id": 29, "text": "23333", "comment_time": "2018-11-12T07:26:32.649Z", "user": 1, "root": null, "parent": null, "reply_to": null}}, {"model": "comment.comment", "pk": 4, "fields": {"content_type": 7, "object_id": 29, "text": "\u53cd\u53cd\u590d\u590d", "comment_time": "2018-11-12T07:29:21.433Z", "user": 1, "root": null, "parent": null, "reply_to": null}}, {"model": "comment.comment", "pk": 5, "fields": {"content_type": 7, "object_id": 27, "text": "333", "comment_time": "2018-11-13T08:41:20.360Z", "user": 1, "root": null, "parent": null, "reply_to": null}}, {"model": "comment.comment", "pk": 6, "fields": {"content_type": 7, "object_id": 29, "text": "123", "comment_time": "2018-11-13T09:24:18.290Z", "user": 1, "root": null, "parent": null, "reply_to": null}}, {"model": "comment.comment", "pk": 7, "fields": {"content_type": 7, "object_id": 29, "text": "<p>asd</p>", "comment_time": "2018-11-13T13:02:48.558Z", "user": 1, "root": null, "parent": null, "reply_to": null}}, {"model": "comment.comment", "pk": 8, "fields": {"content_type": 7, "object_id": 29, "text": "<p>asd</p>", "comment_time": "2018-11-13T13:49:03.328Z", "user": 1, "root": null, "parent": null, "reply_to": null}}, {"model": "comment.comment", "pk": 9, "fields": {"content_type": 7, "object_id": 29, "text": "<p>asd</p>", "comment_time": "2018-11-13T14:02:31.095Z", "user": 1, "root": null, "parent": null, "reply_to": null}}, {"model": "comment.comment", "pk": 10, "fields": {"content_type": 7, "object_id": 29, "text": "<p>123123</p>", "comment_time": "2018-11-13T14:02:54.696Z", "user": 1, "root": null, "parent": null, "reply_to": null}}, {"model": "comment.comment", "pk": 11, "fields": {"content_type": 7, "object_id": 29, "text": "<p>24444</p>", "comment_time": "2018-11-13T14:41:35.590Z", "user": 1, "root": null, "parent": null, "reply_to": null}}, {"model": "comment.comment", "pk": 12, "fields": {"content_type": 7, "object_id": 29, "text": "<p>24444</p>", "comment_time": "2018-11-13T14:41:52.825Z", "user": 1, "root": null, "parent": null, "reply_to": null}}, {"model": "comment.comment", "pk": 13, "fields": {"content_type": 7, "object_id": 29, "text": "<p>24444</p>", "comment_time": "2018-11-13T14:41:57.392Z", "user": 1, "root": null, "parent": null, "reply_to": null}}, {"model": "comment.comment", "pk": 14, "fields": {"content_type": 7, "object_id": 23, "text": "<p>11112222</p>", "comment_time": "2018-11-13T15:40:58.107Z", "user": 1, "root": null, "parent": null, "reply_to": null}}, {"model": "comment.comment", "pk": 17, "fields": {"content_type": 7, "object_id": 29, "text": "<p>22222</p>", "comment_time": "2019-02-18T08:01:54.561Z", "user": 1, "root": 13, "parent": 13, "reply_to": 1}}, {"model": "comment.comment", "pk": 18, "fields": {"content_type": 7, "object_id": 29, "text": "<p>345345</p>", "comment_time": "2019-02-18T08:11:05.883Z", "user": 1, "root": 13, "parent": 17, "reply_to": 1}}, {"model": "comment.comment", "pk": 19, "fields": {"content_type": 7, "object_id": 29, "text": "<p>2222111</p>", "comment_time": "2019-02-18T08:11:22.852Z", "user": 1, "root": 13, "parent": 18, "reply_to": 1}}, {"model": "comment.comment", "pk": 20, "fields": {"content_type": 7, "object_id": 29, "text": "<p>1122</p>", "comment_time": "2019-02-18T08:17:20.843Z", "user": 1, "root": 13, "parent": 19, "reply_to": 1}}, {"model": "comment.comment", "pk": 21, "fields": {"content_type": 7, "object_id": 29, "text": "<p>123</p>", "comment_time": "2019-02-18T08:34:09.528Z", "user": 1, "root": 12, "parent": 12, "reply_to": 1}}, {"model": "comment.comment", "pk": 22, "fields": {"content_type": 7, "object_id": 29, "text": "<p>\u5965\u672f\u5927\u5e08\u591a</p>", "comment_time": "2019-02-18T08:56:04.019Z", "user": 1, "root": 7, "parent": 7, "reply_to": 1}}, {"model": "comment.comment", "pk": 23, "fields": {"content_type": 7, "object_id": 28, "text": "<p>\u963f\u65af\u987f\u6492\u591a</p>", "comment_time": "2019-02-20T07:03:14.701Z", "user": 1, "root": null, "parent": null, "reply_to": null}}, {"model": "comment.comment", "pk": 24, "fields": {"content_type": 7, "object_id": 28, "text": "<p>\u5965\u672f\u5927\u5e08\u591a</p>", "comment_time": "2019-02-20T07:03:18.994Z", "user": 1, "root": 23, "parent": 23, "reply_to": 1}}, {"model": "comment.comment", "pk": 25, "fields": {"content_type": 7, "object_id": 24, "text": "<p>\u5965\u672f\u5927\u5e08</p>", "comment_time": "2019-02-20T07:34:40.828Z", "user": 1, "root": null, "parent": null, "reply_to": null}}, {"model": "comment.comment", "pk": 26, "fields": {"content_type": 7, "object_id": 24, "text": "<p>\u5965\u672f\u5927\u5e08\u591a\u6492\u591a</p>", "comment_time": "2019-02-20T07:34:44.550Z", "user": 1, "root": 25, "parent": 25, "reply_to": 1}}, {"model": "comment.comment", "pk": 27, "fields": {"content_type": 7, "object_id": 26, "text": "<p>\u7b2c\u4e8c\u6761</p>", "comment_time": "2019-02-20T07:48:03.047Z", "user": 1, "root": null, "parent": null, "reply_to": null}}, {"model": "comment.comment", "pk": 28, "fields": {"content_type": 7, "object_id": 26, "text": "<p>\u7b2c\u4e09\u5934</p>\r\n\r\n<p>&nbsp;</p>", "comment_time": "2019-02-20T07:48:10.955Z", "user": 1, "root": 27, "parent": 27, "reply_to": 1}}, {"model": "comment.comment", "pk": 29, "fields": {"content_type": 7, "object_id": 26, "text": "<p>\u4f60\u597d</p>", "comment_time": "2019-02-20T08:09:48.043Z", "user": 1, "root": null, "parent": null, "reply_to": null}}, {"model": "comment.comment", "pk": 30, "fields": {"content_type": 7, "object_id": 26, "text": "<p>\u4f60\u597d</p>", "comment_time": "2019-02-20T08:09:51.770Z", "user": 1, "root": null, "parent": null, "reply_to": null}}, {"model": "comment.comment", "pk": 31, "fields": {"content_type": 7, "object_id": 26, "text": "<p>123</p>", "comment_time": "2019-02-20T08:14:00.047Z", "user": 1, "root": 30, "parent": 30, "reply_to": 1}}, {"model": "comment.comment", "pk": 32, "fields": {"content_type": 7, "object_id": 27, "text": "<p>222</p>", "comment_time": "2019-02-20T08:15:10.394Z", "user": 1, "root": 5, "parent": 5, "reply_to": 1}}, {"model": "comment.comment", "pk": 33, "fields": {"content_type": 7, "object_id": 27, "text": "<p>222</p>", "comment_time": "2019-02-20T08:15:13.072Z", "user": 1, "root": 5, "parent": 5, "reply_to": 1}}, {"model": "comment.comment", "pk": 34, "fields": {"content_type": 7, "object_id": 27, "text": "<p>233</p>", "comment_time": "2019-02-20T08:15:57.405Z", "user": 1, "root": 5, "parent": 33, "reply_to": 1}}, {"model": "comment.comment", "pk": 35, "fields": {"content_type": 7, "object_id": 29, "text": "<p>222</p>", "comment_time": "2019-02-20T08:16:45.479Z", "user": 1, "root": 13, "parent": 13, "reply_to": 1}}, {"model": "comment.comment", "pk": 36, "fields": {"content_type": 7, "object_id": 26, "text": "<p>\u6740\u5427</p>", "comment_time": "2019-02-20T08:18:10.868Z", "user": 1, "root": 30, "parent": 31, "reply_to": 1}}, {"model": "comment.comment", "pk": 37, "fields": {"content_type": 7, "object_id": 26, "text": "<p>\u4e0d\u597d</p>", "comment_time": "2019-02-20T08:31:01.329Z", "user": 1, "root": 30, "parent": 36, "reply_to": 1}}, {"model": "comment.comment", "pk": 38, "fields": {"content_type": 7, "object_id": 29, "text": "<p>123</p>", "comment_time": "2019-02-20T08:45:29.857Z", "user": 1, "root": 10, "parent": 10, "reply_to": 1}}, {"model": "comment.comment", "pk": 39, "fields": {"content_type": 7, "object_id": 28, "text": "<p>jjj</p>", "comment_time": "2019-02-20T08:50:21.413Z", "user": 1, "root": 23, "parent": 24, "reply_to": 1}}, {"model": "comment.comment", "pk": 40, "fields": {"content_type": 7, "object_id": 28, "text": "<p>kkk</p>", "comment_time": "2019-02-20T08:50:33.718Z", "user": 1, "root": 23, "parent": 39, "reply_to": 1}}, {"model": "comment.comment", "pk": 41, "fields": {"content_type": 7, "object_id": 28, "text": "<p>shazi&nbsp;</p>", "comment_time": "2019-02-21T12:30:04.212Z", "user": 1, "root": null, "parent": null, "reply_to": null}}, {"model": "comment.comment", "pk": 42, "fields": {"content_type": 7, "object_id": 28, "text": "<p>shazi&nbsp;</p>", "comment_time": "2019-02-21T12:30:06.217Z", "user": 1, "root": null, "parent": null, "reply_to": null}}, {"model": "comment.comment", "pk": 43, "fields": {"content_type": 7, "object_id": 27, "text": "<p>22</p>", "comment_time": "2019-02-21T12:31:07.056Z", "user": 1, "root": null, "parent": null, "reply_to": null}}, {"model": "comment.comment", "pk": 44, "fields": {"content_type": 7, "object_id": 27, "text": "<p>33</p>", "comment_time": "2019-02-21T12:31:15.074Z", "user": 1, "root": 43, "parent": 43, "reply_to": 1}}, {"model": "comment.comment", "pk": 45, "fields": {"content_type": 7, "object_id": 27, "text": "<p>44</p>", "comment_time": "2019-02-21T12:31:27.723Z", "user": 1, "root": 43, "parent": 44, "reply_to": 1}}, {"model": "comment.comment", "pk": 46, "fields": {"content_type": 7, "object_id": 28, "text": "<p>haha</p>", "comment_time": "2019-02-22T08:01:12.181Z", "user": 1, "root": 42, "parent": 42, "reply_to": 1}}, {"model": "comment.comment", "pk": 47, "fields": {"content_type": 7, "object_id": 25, "text": "<p>11</p>", "comment_time": "2019-02-22T08:05:39.947Z", "user": 1, "root": null, "parent": null, "reply_to": null}}, {"model": "comment.comment", "pk": 48, "fields": {"content_type": 7, "object_id": 25, "text": "<p>22</p>", "comment_time": "2019-02-22T08:05:43.334Z", "user": 1, "root": 47, "parent": 47, "reply_to": 1}}, {"model": "comment.comment", "pk": 49, "fields": {"content_type": 7, "object_id": 29, "text": "<p>333</p>", "comment_time": "2019-02-22T08:52:40.185Z", "user": 1, "root": null, "parent": null, "reply_to": null}}, {"model": "comment.comment", "pk": 50, "fields": {"content_type": 7, "object_id": 29, "text": "<p>222</p>", "comment_time": "2019-02-22T08:54:40.268Z", "user": 1, "root": null, "parent": null, "reply_to": null}}, {"model": "comment.comment", "pk": 51, "fields": {"content_type": 7, "object_id": 25, "text": "<p>222</p>", "comment_time": "2019-02-22T08:55:39.651Z", "user": 1, "root": null, "parent": null, "reply_to": null}}, {"model": "comment.comment", "pk": 52, "fields": {"content_type": 7, "object_id": 29, "text": "<p>555</p>", "comment_time": "2019-02-22T08:56:26.772Z", "user": 1, "root": null, "parent": null, "reply_to": null}}, {"model": "comment.comment", "pk": 53, "fields": {"content_type": 7, "object_id": 29, "text": "<p>66666</p>", "comment_time": "2019-02-22T08:56:41.932Z", "user": 1, "root": null, "parent": null, "reply_to": null}}, {"model": "comment.comment", "pk": 54, "fields": {"content_type": 7, "object_id": 29, "text": "<p>111</p>", "comment_time": "2019-02-22T08:57:05.081Z", "user": 1, "root": null, "parent": null, "reply_to": null}}, {"model": "comment.comment", "pk": 55, "fields": {"content_type": 7, "object_id": 29, "text": "<p>12344</p>", "comment_time": "2019-02-22T08:59:13.006Z", "user": 1, "root": null, "parent": null, "reply_to": null}}, {"model": "comment.comment", "pk": 56, "fields": {"content_type": 7, "object_id": 29, "text": "<p>66666</p>", "comment_time": "2019-02-22T09:00:31.069Z", "user": 1, "root": 52, "parent": 52, "reply_to": 1}}, {"model": "comment.comment", "pk": 57, "fields": {"content_type": 7, "object_id": 29, "text": "<p>7777</p>", "comment_time": "2019-02-22T09:00:47.391Z", "user": 1, "root": 52, "parent": 56, "reply_to": 1}}, {"model": "comment.comment", "pk": 58, "fields": {"content_type": 7, "object_id": 29, "text": "<p>1234</p>", "comment_time": "2019-02-22T09:01:00.717Z", "user": 1, "root": 55, "parent": 55, "reply_to": 1}}, {"model": "comment.comment", "pk": 59, "fields": {"content_type": 7, "object_id": 29, "text": "<p>45657</p>", "comment_time": "2019-02-22T09:16:32.233Z", "user": 1, "root": 55, "parent": 58, "reply_to": 1}}, {"model": "comment.comment", "pk": 60, "fields": {"content_type": 7, "object_id": 29, "text": "<p>222</p>", "comment_time": "2019-02-22T09:17:00.347Z", "user": 1, "root": 54, "parent": 54, "reply_to": 1}}, {"model": "comment.comment", "pk": 61, "fields": {"content_type": 7, "object_id": 29, "text": "<p>222</p>", "comment_time": "2019-02-22T09:17:01.137Z", "user": 1, "root": 54, "parent": 54, "reply_to": 1}}, {"model": "comment.comment", "pk": 62, "fields": {"content_type": 7, "object_id": 25, "text": "<p>333</p>", "comment_time": "2019-02-22T09:17:49.120Z", "user": 1, "root": 51, "parent": 51, "reply_to": 1}}, {"model": "comment.comment", "pk": 63, "fields": {"content_type": 7, "object_id": 24, "text": "<p>ao</p>\r\n\r\n<p>&nbsp;</p>", "comment_time": "2019-02-24T06:07:32.626Z", "user": 1, "root": null, "parent": null, "reply_to": null}}, {"model": "comment.comment", "pk": 64, "fields": {"content_type": 7, "object_id": 24, "text": "<p>mm</p>", "comment_time": "2019-02-24T06:07:54.045Z", "user": 1, "root": 63, "parent": 63, "reply_to": 1}}, {"model": "comment.comment", "pk": 65, "fields": {"content_type": 7, "object_id": 18, "text": "<p>\u611f\u89c9\u4f1a\u66f4\u597d\u7ed3\u679c</p>", "comment_time": "2019-02-24T06:09:15.542Z", "user": 1, "root": null, "parent": null, "reply_to": null}}, {"model": "comment.comment", "pk": 67, "fields": {"content_type": 7, "object_id": 25, "text": "<p>555</p>", "comment_time": "2019-02-25T14:19:02.825Z", "user": 1, "root": 51, "parent": 62, "reply_to": 1}}, {"model": "comment.comment", "pk": 68, "fields": {"content_type": 7, "object_id": 25, "text": "<p>666</p>", "comment_time": "2019-02-25T14:32:13.251Z", "user": 1, "root": 51, "parent": 67, "reply_to": 1}}, {"model": "comment.comment", "pk": 69, "fields": {"content_type": 7, "object_id": 25, "text": "<p>777</p>", "comment_time": "2019-02-25T14:38:01.557Z", "user": 1, "root": 51, "parent": 68, "reply_to": 1}}, {"model": "comment.comment", "pk": 70, "fields": {"content_type": 7, "object_id": 25, "text": "<p>33</p>", "comment_time": "2019-02-25T14:39:54.392Z", "user": 1, "root": 47, "parent": 48, "reply_to": 1}}, {"model": "comment.comment", "pk": 71, "fields": {"content_type": 7, "object_id": 25, "text": "<p>44</p>", "comment_time": "2019-02-25T14:39:59.728Z", "user": 1, "root": 47, "parent": 70, "reply_to": 1}}, {"model": "comment.comment", "pk": 72, "fields": {"content_type": 7, "object_id": 27, "text": "<p>55</p>\r\n\r\n<p>&nbsp;</p>", "comment_time": "2019-02-26T13:16:35.268Z", "user": 1, "root": 43, "parent": 45, "reply_to": 1}}, {"model": "comment.comment", "pk": 73, "fields": {"content_type": 7, "object_id": 15, "text": "<p>\u90ae\u7bb1\u8bc4\u8bba\u6d4b\u8bd51</p>", "comment_time": "2019-03-18T04:53:22.925Z", "user": 1, "root": null, "parent": null, "reply_to": null}}, {"model": "comment.comment", "pk": 74, "fields": {"content_type": 7, "object_id": 15, "text": "<p>\u90ae\u7bb1\u8bc4\u8bba\u6d4b\u8bd51</p>", "comment_time": "2019-03-18T05:01:19.748Z", "user": 1, "root": null, "parent": null, "reply_to": null}}, {"model": "comment.comment", "pk": 75, "fields": {"content_type": 7, "object_id": 15, "text": "<p>\u90ae\u7bb1\u8bc4\u8bba\u6d4b\u8bd51</p>", "comment_time": "2019-03-18T05:07:03.426Z", "user": 1, "root": null, "parent": null, "reply_to": null}}, {"model": "comment.comment", "pk": 76, "fields": {"content_type": 7, "object_id": 15, "text": "<p>\u6c99\u53d1\u80dc\u591a\u8d1f\u5c11\u7684</p>", "comment_time": "2019-03-18T05:07:22.186Z", "user": 1, "root": null, "parent": null, "reply_to": null}}, {"model": "comment.comment", "pk": 77, "fields": {"content_type": 7, "object_id": 15, "text": "<p>\u6c99\u53d1\u80dc\u591a\u8d1f\u5c11\u7684</p>", "comment_time": "2019-03-18T05:10:10.977Z", "user": 1, "root": null, "parent": null, "reply_to": null}}, {"model": "comment.comment", "pk": 78, "fields": {"content_type": 7, "object_id": 30, "text": "<p>\u4e8c\u54c8</p>", "comment_time": "2019-03-18T05:13:41.979Z", "user": 1, "root": null, "parent": null, "reply_to": null}}, {"model": "comment.comment", "pk": 79, "fields": {"content_type": 7, "object_id": 30, "text": "<p>\u4e8c\u54c8</p>", "comment_time": "2019-03-18T05:15:11.234Z", "user": 1, "root": null, "parent": null, "reply_to": null}}, {"model": "comment.comment", "pk": 80, "fields": {"content_type": 7, "object_id": 30, "text": "<p>\u4e8c\u54c8</p>", "comment_time": "2019-03-18T05:16:51.952Z", "user": 1, "root": null, "parent": null, "reply_to": null}}, {"model": "comment.comment", "pk": 81, "fields": {"content_type": 7, "object_id": 30, "text": "<p>\u4e8c\u54c8</p>", "comment_time": "2019-03-18T05:17:34.635Z", "user": 1, "root": null, "parent": null, "reply_to": null}}, {"model": "comment.comment", "pk": 82, "fields": {"content_type": 7, "object_id": 30, "text": "<p>html\u6d4b\u8bd52</p>", "comment_time": "2019-03-18T05:19:54.154Z", "user": 1, "root": 81, "parent": 81, "reply_to": 1}}, {"model": "comment.comment", "pk": 83, "fields": {"content_type": 7, "object_id": 30, "text": "<p>html\u6d4b\u8bd52</p>", "comment_time": "2019-03-18T05:21:00.961Z", "user": 1, "root": 81, "parent": 81, "reply_to": 1}}, {"model": "comment.comment", "pk": 84, "fields": {"content_type": 7, "object_id": 30, "text": "<p>html\u6d4b\u8bd52</p>", "comment_time": "2019-03-18T05:21:34.739Z", "user": 1, "root": 81, "parent": 83, "reply_to": 1}}, {"model": "comment.comment", "pk": 85, "fields": {"content_type": 7, "object_id": 30, "text": "<p>html\u6d4b\u8bd52</p>", "comment_time": "2019-03-18T05:21:47.766Z", "user": 1, "root": null, "parent": null, "reply_to": null}}, {"model": "comment.comment", "pk": 86, "fields": {"content_type": 7, "object_id": 30, "text": "<p>\u5965\u672f\u5927\u5e08</p>", "comment_time": "2019-03-18T05:22:47.758Z", "user": 1, "root": null, "parent": null, "reply_to": null}}, {"model": "comment.comment", "pk": 87, "fields": {"content_type": 7, "object_id": 30, "text": "<p>\u4e8c\u54c8</p>", "comment_time": "2019-03-18T05:25:23.437Z", "user": 1, "root": 86, "parent": 86, "reply_to": 1}}, {"model": "comment.comment", "pk": 88, "fields": {"content_type": 7, "object_id": 30, "text": "<p>\u4e8c\u54c8</p>", "comment_time": "2019-03-18T05:28:01.284Z", "user": 1, "root": null, "parent": null, "reply_to": null}}, {"model": "comment.comment", "pk": 89, "fields": {"content_type": 7, "object_id": 30, "text": "<p>\u6d4b\u8bd53</p>\r\n\r\n<p>&nbsp;</p>", "comment_time": "2019-03-18T05:29:14.376Z", "user": 1, "root": null, "parent": null, "reply_to": null}}, {"model": "comment.comment", "pk": 90, "fields": {"content_type": 7, "object_id": 30, "text": "<p>html\u6a21\u677f\u7ec4\u7ec7\u5185\u5bb9\u53d1\u9001\u90ae\u4ef6\u6d4b\u8bd5</p>", "comment_time": "2019-03-18T05:37:11.005Z", "user": 1, "root": null, "parent": null, "reply_to": null}}, {"model": "comment.comment", "pk": 91, "fields": {"content_type": 7, "object_id": 30, "text": "<p>html\u6a21\u677f\u7ec4\u7ec7\u5185\u5bb9\u53d1\u9001\u90ae\u4ef6\u6d4b\u8bd5</p>", "comment_time": "2019-03-18T05:38:00.123Z", "user": 1, "root": null, "parent": null, "reply_to": null}}, {"model": "comment.comment", "pk": 92, "fields": {"content_type": 7, "object_id": 30, "text": "<p>html\u6d4b\u8bd52</p>", "comment_time": "2019-03-18T05:43:29.075Z", "user": 1, "root": null, "parent": null, "reply_to": null}}, {"model": "comment.comment", "pk": 93, "fields": {"content_type": 7, "object_id": 30, "text": "<p>html\u6d4b\u8bd52</p>", "comment_time": "2019-03-18T05:44:22.972Z", "user": 1, "root": null, "parent": null, "reply_to": null}}, {"model": "comment.comment", "pk": 94, "fields": {"content_type": 7, "object_id": 30, "text": "<p>\u4e8c\u54c8</p>", "comment_time": "2019-03-18T05:47:58.082Z", "user": 1, "root": 93, "parent": 93, "reply_to": 1}}, {"model": "comment.comment", "pk": 95, "fields": {"content_type": 7, "object_id": 30, "text": "<p>html\u90ae\u7bb1\u6d4b\u8bd53</p>", "comment_time": "2019-03-19T03:48:37.742Z", "user": 1, "root": null, "parent": null, "reply_to": null}}, {"model": "comment.comment", "pk": 96, "fields": {"content_type": 7, "object_id": 30, "text": "<p>html\u90ae\u7bb1\u6d4b\u8bd53</p>", "comment_time": "2019-03-19T03:48:57.762Z", "user": 1, "root": null, "parent": null, "reply_to": null}}, {"model": "likes.likerecord", "pk": 25, "fields": {"content_type": 12, "object_id": 62, "user": 1, "liked_time": "2019-02-25T14:18:27.245Z"}}, {"model": "likes.likerecord", "pk": 29, "fields": {"content_type": 12, "object_id": 45, "user": 1, "liked_time": "2019-02-26T13:16:37.802Z"}}, {"model": "likes.likerecord", "pk": 30, "fields": {"content_type": 12, "object_id": 44, "user": 1, "liked_time": "2019-02-26T13:16:38.640Z"}}, {"model": "likes.likerecord", "pk": 31, "fields": {"content_type": 12, "object_id": 43, "user": 1, "liked_time": "2019-02-26T13:16:40.154Z"}}, {"model": "user.profile", "pk": 1, "fields": {"user": 1, "nickname": "\u4e8c\u54c8"}}, {"model": "user.profile", "pk": 2, "fields": {"user": 4, "nickname": "\u54c8\u58eb\u5947"}}, {"model": "admin.logentry", "pk": 1, "fields": {"action_time": "2018-10-22T15:42:09.300Z", "user": 1, "content_type": 8, "object_id": "1", "object_repr": "BlogType object (1)", "action_flag": 1, "change_message": "[{\"added\": {}}]"}}, {"model": "admin.logentry", "pk": 2, "fields": {"action_time": "2018-10-22T15:42:21.976Z", "user": 1, "content_type": 8, "object_id": "2", "object_repr": "BlogType object (2)", "action_flag": 1, "change_message": "[{\"added\": {}}]"}}, {"model": "admin.logentry", "pk": 3, "fields": {"action_time": "2018-10-22T15:46:11.933Z", "user": 1, "content_type": 8, "object_id": "3", "object_repr": "\u611f\u609f", "action_flag": 1, "change_message": "[{\"added\": {}}]"}}, {"model": "admin.logentry", "pk": 4, "fields": {"action_time": "2018-10-22T15:46:48.845Z", "user": 1, "content_type": 7, "object_id": "1", "object_repr": "<Blog: \u7b2c\u4e00\u7bc7\u535a\u5ba2>", "action_flag": 1, "change_message": "[{\"added\": {}}]"}}, {"model": "admin.logentry", "pk": 5, "fields": {"action_time": "2018-10-23T04:07:11.288Z", "user": 1, "content_type": 7, "object_id": "2", "object_repr": "<Blog: \u7b2c\u4e8c\u7bc7>", "action_flag": 1, "change_message": "[{\"added\": {}}]"}}, {"model": "admin.logentry", "pk": 6, "fields": {"action_time": "2018-10-23T04:07:43.952Z", "user": 1, "content_type": 7, "object_id": "2", "object_repr": "<Blog: \u7b2c\u4e8c\u7bc7\u535a\u5ba2>", "action_flag": 2, "change_message": "[{\"changed\": {\"fields\": [\"title\"]}}]"}}, {"model": "admin.logentry", "pk": 7, "fields": {"action_time": "2018-10-23T04:16:00.059Z", "user": 1, "content_type": 7, "object_id": "2", "object_repr": "<Blog: \u7b2c\u4e8c\u7bc7\u535a\u5ba2>", "action_flag": 3, "change_message": ""}}, {"model": "admin.logentry", "pk": 8, "fields": {"action_time": "2018-10-23T04:16:03.083Z", "user": 1, "content_type": 7, "object_id": "1", "object_repr": "<Blog: \u7b2c\u4e00\u7bc7\u535a\u5ba2>", "action_flag": 3, "change_message": ""}}, {"model": "admin.logentry", "pk": 9, "fields": {"action_time": "2018-10-23T04:17:04.025Z", "user": 1, "content_type": 7, "object_id": "3", "object_repr": "<Blog: \u957f\u5185\u5bb9\u7684\u535a\u5ba2>", "action_flag": 1, "change_message": "[{\"added\": {}}]"}}, {"model": "admin.logentry", "pk": 10, "fields": {"action_time": "2018-10-23T05:14:06.988Z", "user": 1, "content_type": 7, "object_id": "4", "object_repr": "<Blog: \u968f\u7b142>", "action_flag": 1, "change_message": "[{\"added\": {}}]"}}, {"model": "admin.logentry", "pk": 11, "fields": {"action_time": "2018-10-23T05:14:28.607Z", "user": 1, "content_type": 7, "object_id": "5", "object_repr": "<Blog: \u611f\u609f>", "action_flag": 1, "change_message": "[{\"added\": {}}]"}}, {"model": "admin.logentry", "pk": 12, "fields": {"action_time": "2018-10-31T13:55:53.584Z", "user": 1, "content_type": 7, "object_id": "27", "object_repr": "<Blog: \u7b2c\u4e00\u7bc7Django>", "action_flag": 1, "change_message": "[{\"added\": {}}]"}}, {"model": "admin.logentry", "pk": 13, "fields": {"action_time": "2018-10-31T14:30:37.643Z", "user": 1, "content_type": 7, "object_id": "27", "object_repr": "<Blog: \u7b2c\u4e00\u7bc7Django>", "action_flag": 2, "change_message": "[{\"changed\": {\"fields\": [\"content\"]}}]"}}, {"model": "admin.logentry", "pk": 14, "fields": {"action_time": "2018-10-31T15:17:40.170Z", "user": 1, "content_type": 7, "object_id": "27", "object_repr": "<Blog: \u7b2c\u4e00\u7bc7Django>", "action_flag": 2, "change_message": "[{\"changed\": {\"fields\": [\"content\"]}}]"}}, {"model": "admin.logentry", "pk": 15, "fields": {"action_time": "2018-11-02T07:04:34.564Z", "user": 1, "content_type": 9, "object_id": "1", "object_repr": "ReadNum object (1)", "action_flag": 1, "change_message": "[{\"added\": {}}]"}}, {"model": "admin.logentry", "pk": 16, "fields": {"action_time": "2018-11-02T08:29:26.745Z", "user": 1, "content_type": 10, "object_id": "1", "object_repr": "ReadNum object (1)", "action_flag": 1, "change_message": "[{\"added\": {}}]"}}, {"model": "admin.logentry", "pk": 17, "fields": {"action_time": "2018-11-02T08:54:37.809Z", "user": 1, "content_type": 7, "object_id": "16", "object_repr": "<Blog: for 10>", "action_flag": 2, "change_message": "[{\"changed\": {\"fields\": [\"content\"]}}]"}}, {"model": "admin.logentry", "pk": 18, "fields": {"action_time": "2018-11-02T08:56:49.247Z", "user": 1, "content_type": 7, "object_id": "28", "object_repr": "<Blog: sadfsf>", "action_flag": 1, "change_message": "[{\"added\": {}}]"}}, {"model": "admin.logentry", "pk": 19, "fields": {"action_time": "2018-11-05T10:24:36.942Z", "user": 1, "content_type": 11, "object_id": "1", "object_repr": "ReadDetail object (1)", "action_flag": 1, "change_message": "[{\"added\": {}}]"}}, {"model": "admin.logentry", "pk": 20, "fields": {"action_time": "2018-11-05T14:27:10.295Z", "user": 1, "content_type": 7, "object_id": "29", "object_repr": "<Blog: \u4e8c\u4f4d>", "action_flag": 1, "change_message": "[{\"added\": {}}]"}}, {"model": "admin.logentry", "pk": 21, "fields": {"action_time": "2018-11-06T14:40:31.836Z", "user": 1, "content_type": 11, "object_id": "1", "object_repr": "ReadDetail object (1)", "action_flag": 2, "change_message": "[{\"changed\": {\"fields\": [\"read_num\"]}}]"}}, {"model": "admin.logentry", "pk": 22, "fields": {"action_time": "2018-11-06T14:40:47.711Z", "user": 1, "content_type": 11, "object_id": "2", "object_repr": "ReadDetail object (2)", "action_flag": 2, "change_message": "[{\"changed\": {\"fields\": [\"date\", \"read_num\"]}}]"}}, {"model": "admin.logentry", "pk": 23, "fields": {"action_time": "2018-11-06T14:41:28.916Z", "user": 1, "content_type": 10, "object_id": "6", "object_repr": "ReadNum object (6)", "action_flag": 2, "change_message": "[{\"changed\": {\"fields\": [\"read_num\"]}}]"}}, {"model": "admin.logentry", "pk": 24, "fields": {"action_time": "2018-11-06T14:42:03.131Z", "user": 1, "content_type": 10, "object_id": "1", "object_repr": "ReadNum object (1)", "action_flag": 2, "change_message": "[{\"changed\": {\"fields\": [\"read_num\"]}}]"}}, {"model": "admin.logentry", "pk": 25, "fields": {"action_time": "2018-11-06T14:42:31.551Z", "user": 1, "content_type": 10, "object_id": "1", "object_repr": "ReadNum object (1)", "action_flag": 2, "change_message": "[]"}}, {"model": "admin.logentry", "pk": 26, "fields": {"action_time": "2018-11-06T14:43:24.665Z", "user": 1, "content_type": 11, "object_id": "2", "object_repr": "ReadDetail object (2)", "action_flag": 2, "change_message": "[{\"changed\": {\"fields\": [\"date\"]}}]"}}, {"model": "admin.logentry", "pk": 27, "fields": {"action_time": "2018-11-06T14:43:36.567Z", "user": 1, "content_type": 11, "object_id": "1", "object_repr": "ReadDetail object (1)", "action_flag": 2, "change_message": "[{\"changed\": {\"fields\": [\"date\"]}}]"}}, {"model": "admin.logentry", "pk": 28, "fields": {"action_time": "2018-11-06T14:47:49.011Z", "user": 1, "content_type": 11, "object_id": "1", "object_repr": "ReadDetail object (1)", "action_flag": 2, "change_message": "[{\"changed\": {\"fields\": [\"date\"]}}]"}}, {"model": "admin.logentry", "pk": 29, "fields": {"action_time": "2018-11-06T14:48:10.028Z", "user": 1, "content_type": 11, "object_id": "2", "object_repr": "ReadDetail object (2)", "action_flag": 2, "change_message": "[{\"changed\": {\"fields\": [\"date\"]}}]"}}, {"model": "admin.logentry", "pk": 30, "fields": {"action_time": "2018-11-06T14:48:19.410Z", "user": 1, "content_type": 10, "object_id": "1", "object_repr": "ReadNum object (1)", "action_flag": 2, "change_message": "[]"}}, {"model": "admin.logentry", "pk": 31, "fields": {"action_time": "2018-11-06T14:48:25.309Z", "user": 1, "content_type": 10, "object_id": "6", "object_repr": "ReadNum object (6)", "action_flag": 2, "change_message": "[]"}}, {"model": "admin.logentry", "pk": 32, "fields": {"action_time": "2018-12-08T07:03:56.440Z", "user": 1, "content_type": 12, "object_id": "15", "object_repr": "Comment object (15)", "action_flag": 1, "change_message": "[{\"added\": {}}]"}}, {"model": "admin.logentry", "pk": 33, "fields": {"action_time": "2018-12-08T07:04:45.457Z", "user": 1, "content_type": 12, "object_id": "16", "object_repr": "Comment object (16)", "action_flag": 1, "change_message": "[{\"added\": {}}]"}}, {"model": "admin.logentry", "pk": 34, "fields": {"action_time": "2018-12-08T07:08:57.765Z", "user": 1, "content_type": 12, "object_id": "16", "object_repr": "\u5bf9\u65b9\u6c34\u7535\u8d39\u6c34\u7535\u8d39", "action_flag": 2, "change_message": "[{\"changed\": {\"fields\": [\"parent\"]}}]"}}, {"model": "admin.logentry", "pk": 35, "fields": {"action_time": "2018-12-08T07:31:20.778Z", "user": 1, "content_type": 12, "object_id": "16", "object_repr": "\u5bf9\u65b9\u6c34\u7535\u8d39\u6c34\u7535\u8d39", "action_flag": 2, "change_message": "[{\"changed\": {\"fields\": [\"root\", \"parent\", \"reply_to\"]}}]"}}, {"model": "admin.logentry", "pk": 36, "fields": {"action_time": "2018-12-08T07:37:16.497Z", "user": 1, "content_type": 12, "object_id": "16", "object_repr": "\u5bf9\u65b9\u6c34\u7535\u8d39\u6c34\u7535\u8d39", "action_flag": 2, "change_message": "[{\"changed\": {\"fields\": [\"user\"]}}]"}}, {"model": "admin.logentry", "pk": 37, "fields": {"action_time": "2018-12-08T07:37:47.234Z", "user": 1, "content_type": 12, "object_id": "16", "object_repr": "\u5bf9\u65b9\u6c34\u7535\u8d39\u6c34\u7535\u8d39", "action_flag": 2, "change_message": "[{\"changed\": {\"fields\": [\"user\", \"reply_to\"]}}]"}}, {"model": "admin.logentry", "pk": 38, "fields": {"action_time": "2019-02-20T08:44:29.007Z", "user": 1, "content_type": 12, "object_id": "1", "object_repr": "123", "action_flag": 3, "change_message": ""}}, {"model": "admin.logentry", "pk": 39, "fields": {"action_time": "2019-02-27T14:26:35.221Z", "user": 1, "content_type": 15, "object_id": "1", "object_repr": "<Profile: \u4e8c\u54c8 for blog_zqs>", "action_flag": 1, "change_message": "[{\"added\": {}}]"}}, {"model": "admin.logentry", "pk": 40, "fields": {"action_time": "2019-02-27T15:08:24.088Z", "user": 1, "content_type": 4, "object_id": "2", "object_repr": "aaaa", "action_flag": 3, "change_message": ""}}, {"model": "admin.logentry", "pk": 41, "fields": {"action_time": "2019-02-27T15:09:12.113Z", "user": 1, "content_type": 4, "object_id": "4", "object_repr": "zqs_2", "action_flag": 1, "change_message": "[{\"added\": {}}, {\"added\": {\"name\": \"profile\", \"object\": \"<Profile: \\u54c8\\u58eb\\u5947 for zqs_2>\"}}]"}}, {"model": "admin.logentry", "pk": 42, "fields": {"action_time": "2019-02-27T15:09:26.847Z", "user": 1, "content_type": 4, "object_id": "3", "object_repr": "zqs-2", "action_flag": 3, "change_message": ""}}, {"model": "admin.logentry", "pk": 43, "fields": {"action_time": "2019-03-01T06:57:29.610Z", "user": 1, "content_type": 4, "object_id": "1", "object_repr": "blog_zqs", "action_flag": 2, "change_message": "[{\"changed\": {\"fields\": [\"email\", \"last_login\"]}}]"}}, {"model": "admin.logentry", "pk": 44, "fields": {"action_time": "2019-03-01T08:58:19.689Z", "user": 1, "content_type": 4, "object_id": "1", "object_repr": "blog_zqs", "action_flag": 2, "change_message": "[{\"changed\": {\"fields\": [\"email\", \"last_login\"]}}]"}}, {"model": "admin.logentry", "pk": 45, "fields": {"action_time": "2019-03-18T05:13:25.702Z", "user": 1, "content_type": 7, "object_id": "30", "object_repr": "<Blog: \u5965\u672f\u5927\u5e08\u591a>", "action_flag": 1, "change_message": "[{\"added\": {}}]"}}]